frame,decision,sim_step,frame_ms
1,0.069202,0.002366,0.07377
2,0.02321,0.001089,0.025114
3,0.018956,0.000609,0.019948
4,0.01826,0.000485,0.01902
5,0.017396,0.000452,0.018061
6,0.017482,0.00045,0.018124
7,0.017522,0.000449,0.018171
8,0.017225,0.00045,0.017877
9,0.017307,0.000454,0.017952
10,0.017494,0.00045,0.01815
11,0.017251,0.00045,0.017901
12,0.017373,0.000451,0.018015
13,0.017367,0.000465,0.018032
14,0.017199,0.000464,0.017865
15,0.017138,0.000452,0.017784
16,0.017089,0.000456,0.017752
17,0.019689,0.000639,0.020579
18,0.019079,0.000489,0.019851
19,0.01722,0.000447,0.017868
20,0.017195,0.000456,0.01785
21,0.01699,0.000483,0.017664
22,0.017151,0.00045,0.017803
23,0.017261,0.000476,0.017937
24,0.017269,0.000447,0.017905
25,0.017187,0.000449,0.017835
26,0.017138,0.00045,0.017787
27,0.017223,0.000449,0.017863
28,0.017176,0.00045,0.017826
29,0.017198,0.000455,0.017853
30,0.017091,0.00045,0.017731
31,0.017038,0.000449,0.017687
32,0.017156,0.000451,0.017809
33,0.017304,0.000453,0.017947
34,0.020566,0.00054,0.021323
35,0.01721,0.00046,0.017892
36,0.017264,0.000449,0.017917
37,0.01718,0.000447,0.017829
38,0.017221,0.00045,0.01787
39,0.017215,0.000455,0.017869
40,0.017219,0.000458,0.017876
41,0.017254,0.00045,0.017902
42,0.021802,0.00045,0.022473
43,0.017244,0.000449,0.01791
44,0.017208,0.000448,0.017863
45,0.038579,0.000621,0.03974
46,0.017658,0.000448,0.018335
47,0.017315,0.000448,0.01797
48,0.017012,0.000457,0.017675
49,0.017138,0.000446,0.01779
50,0.017153,0.000454,0.017816
51,0.01727,0.000601,0.018094
52,0.01726,0.000491,0.018035
53,0.017192,0.000456,0.017854
54,0.017223,0.000447,0.017877
55,0.017267,0.000453,0.017927
56,0.017235,0.000447,0.017889
57,0.017167,0.000455,0.01783
58,0.017231,0.000454,0.017885
59,0.017279,0.000462,0.01794
60,0.017163,0.000455,0.017817
61,0.017303,0.000444,0.017967
62,0.017189,0.000448,0.017837
63,0.017051,0.000442,0.017694
64,0.017137,0.000444,0.017801
65,0.017229,0.000443,0.017873
66,0.017266,0.000443,0.01791
67,0.017472,0.000451,0.018128
68,0.017651,0.000521,0.01839
69,0.01752,0.00046,0.018219
70,0.017226,0.000452,0.017878
71,0.017233,0.000443,0.017892
72,0.0201,0.00045,0.020762
73,0.017237,0.000455,0.017891
74,0.017344,0.000447,0.017987
75,0.017388,0.000447,0.018029
76,0.01718,0.000442,0.017818
77,0.017324,0.000455,0.017977
78,0.017211,0.000451,0.017858
79,0.017173,0.000458,0.01783
80,0.017209,0.000446,0.017853
81,0.017215,0.000442,0.017852
82,0.01728,0.000443,0.017922
83,0.017244,0.000455,0.017895
84,0.01714,0.000446,0.017785
85,0.017141,0.00049,0.01783
86,0.017197,0.000463,0.017891
87,0.017166,0.000444,0.017809
88,0.017358,0.000443,0.018
89,0.017221,0.000454,0.017876
90,0.017174,0.000456,0.017826
91,0.017155,0.000439,0.017793
92,0.020337,0.000451,0.020985
93,0.017213,0.000448,0.017859
94,0.017209,0.000452,0.017858
95,0.049992,0.000962,0.05158
96,0.030463,0.000795,0.031702
97,0.025972,0.000509,0.026751
98,0.01726,0.000463,0.017923
99,0.04871,0.000643,0.049875
100,0.018188,0.000446,0.018859
101,0.017177,0.000642,0.018071
102,0.017633,0.000488,0.018372
103,0.017272,0.000455,0.017936
104,0.017171,0.000449,0.017819
105,0.017192,0.000447,0.017838
106,0.01717,0.000441,0.017812
107,0.017265,0.000445,0.017912
108,0.017119,0.000454,0.017772
109,0.017212,0.000453,0.017865
110,0.017212,0.000452,0.017864
111,0.017167,0.000454,0.01782
112,0.017139,0.000453,0.018031
113,0.018202,0.000443,0.01888
114,0.017238,0.000448,0.017911
115,0.017201,0.000453,0.017853
116,0.01715,0.000453,0.017803
117,0.017196,0.000513,0.017913
118,0.017114,0.000462,0.017811
119,0.017124,0.00047,0.017794
120,0.01712,0.000454,0.017778
121,0.017831,0.000508,0.018563
122,0.017302,0.000445,0.017948
123,0.017217,0.000446,0.017861
124,0.01722,0.000451,0.017872
125,0.017485,0.000452,0.018138
126,0.017271,0.000455,0.017926
127,0.017101,0.000441,0.017742
128,0.017248,0.000453,0.017902
129,0.017232,0.000458,0.017889
130,0.017315,0.000442,0.017959
131,0.017706,0.000463,0.018366
132,0.017323,0.000452,0.017974
133,0.017201,0.000503,0.017909
134,0.017133,0.000467,0.017867
135,0.017117,0.00045,0.017792
136,0.017146,0.000451,0.017797
137,0.017228,0.000472,0.0179
138,0.021223,0.000442,0.021865
139,0.017293,0.000446,0.017935
140,0.01727,0.000452,0.017923
141,0.050863,0.000946,0.05245
142,0.029503,0.000828,0.030759
143,0.024335,0.000484,0.025049
144,0.027092,0.000863,0.028352
145,0.035556,0.000901,0.036738
146,0.03672,0.001333,0.03855
147,0.019456,0.000526,0.020397
148,0.018435,0.000478,0.01912
149,0.018334,0.000634,0.019204
150,0.032096,0.001026,0.033544
151,0.034885,0.000868,0.036157
152,0.035766,0.001003,0.037095
153,0.01837,0.000485,0.019063
154,0.020657,0.000482,0.021345
155,0.018193,0.000497,0.018887
156,0.018265,0.000493,0.018952
157,0.018207,0.000484,0.018892
158,0.018246,0.00049,0.018936
159,0.018293,0.000492,0.018989
160,0.018286,0.000488,0.018976
161,0.01827,0.000485,0.018955
162,0.018108,0.000489,0.018799
163,0.018233,0.000509,0.018945
164,0.018216,0.000482,0.018901
165,0.018456,0.000555,0.019217
166,0.018387,0.000503,0.019147
167,0.018346,0.000496,0.019045
168,0.018295,0.000484,0.018984
169,0.018549,0.000502,0.019253
170,0.018332,0.00048,0.019013
171,0.018737,0.000537,0.019477
172,0.032018,0.000863,0.033245
173,0.034589,0.000506,0.03535
174,0.018686,0.000502,0.019392
175,0.018609,0.000495,0.019304
176,0.018588,0.000486,0.019281
177,0.022627,0.00049,0.023323
178,0.0186,0.000485,0.019289
179,0.018354,0.000485,0.019044
180,0.055928,0.000985,0.057465
181,0.030542,0.000945,0.031937
182,0.036844,0.000907,0.038224
183,0.021284,0.000496,0.022036
184,0.018659,0.00049,0.019361
185,0.018904,0.000477,0.019597
186,0.018733,0.000478,0.019426
187,0.018973,0.000497,0.019688
188,0.01862,0.000502,0.019329
189,0.018687,0.00068,0.019559
190,0.018687,0.000484,0.019373
191,0.018768,0.000478,0.019439
192,0.018678,0.000477,0.019347
193,0.018645,0.000484,0.019319
194,0.018876,0.000484,0.019561
195,0.018666,0.000487,0.019343
196,0.020944,0.000509,0.02168
197,0.018707,0.00056,0.019472
198,0.018773,0.000485,0.019491
199,0.01873,0.000492,0.019424
200,0.018647,0.000477,0.019316
201,0.018905,0.000486,0.019596
202,0.018827,0.000561,0.01958
203,0.01864,0.000553,0.019395
204,0.018785,0.000526,0.019502
205,0.018535,0.000488,0.019224
206,0.018679,0.000486,0.01937
207,0.018579,0.000482,0.01925
208,0.018678,0.000475,0.019353
209,0.018783,0.000469,0.019441
210,0.01864,0.000472,0.019304
211,0.018754,0.000483,0.019429
212,0.018721,0.000479,0.0194
213,0.018895,0.000527,0.019648
214,0.018626,0.000489,0.019348
215,0.018725,0.000471,0.019402
216,0.01859,0.000474,0.019257
217,0.020449,0.000499,0.021155
218,0.020579,0.000581,0.021355
219,0.019463,0.000483,0.020139
220,0.022938,0.000486,0.023617
221,0.019275,0.000488,0.019965
222,0.019161,0.00048,0.019831
223,0.039851,0.00098,0.041478
224,0.035011,0.000593,0.035875
225,0.019423,0.000537,0.02017
226,0.01923,0.000496,0.019935
227,0.019042,0.000474,0.019722
228,0.019034,0.00048,0.019718
229,0.019153,0.000665,0.020023
230,0.019503,0.000586,0.020396
231,0.01976,0.000586,0.020569
232,0.019329,0.000509,0.020047
233,0.019352,0.000488,0.020057
234,0.019298,0.000526,0.020031
235,0.019352,0.000492,0.020054
236,0.019182,0.000479,0.019863
237,0.019463,0.000485,0.020154
238,0.019371,0.000492,0.020069
239,0.019326,0.000477,0.020012
240,0.021606,0.000486,0.022297
241,0.019294,0.000486,0.019989
242,0.019381,0.000484,0.020074
243,0.019366,0.00049,0.02006
244,0.019388,0.000486,0.020085
245,0.019375,0.000636,0.020225
246,0.021247,0.000555,0.022048
247,0.02115,0.000497,0.021849
248,0.024009,0.000804,0.025111
249,0.022763,0.00054,0.023543
250,0.023027,0.000497,0.023727
251,0.02275,0.000492,0.023442
252,0.022887,0.000513,0.023601
253,0.022685,0.000492,0.023382
254,0.024574,0.00067,0.025467
255,0.024003,0.000527,0.024739
256,0.02412,0.000535,0.024866
257,0.024048,0.000506,0.024758
258,0.02438,0.000496,0.025086
259,0.024225,0.000532,0.024972
260,0.027703,0.000495,0.028405
261,0.024832,0.000588,0.025646
262,0.048125,0.001217,0.050059
263,0.043581,0.000855,0.044812
264,0.037674,0.000587,0.038584
265,0.055817,0.000813,0.057179
266,0.030186,0.000541,0.031026
267,0.024557,0.000504,0.025287
268,0.024266,0.000497,0.024986
269,0.024654,0.000725,0.025663
270,0.026354,0.00097,0.027548
271,0.025792,0.000599,0.026604
272,0.025463,0.000739,0.026417
273,0.025292,0.00052,0.026018
274,0.025103,0.000505,0.025817
275,0.027732,0.000507,0.028453
276,0.024887,0.000509,0.025604
277,0.02546,0.000693,0.026423
278,0.024418,0.001228,0.026217
279,0.023797,0.00056,0.024697
280,0.022816,0.000484,0.023576
281,0.022772,0.000495,0.023518
282,0.022945,0.000484,0.023693
283,0.022963,0.000489,0.023708
284,0.022765,0.00049,0.023507
285,0.023124,0.000484,0.02386
286,0.022873,0.00054,0.023669
287,0.022671,0.000534,0.023457
288,0.022298,0.000504,0.023059
289,0.022502,0.000483,0.023243
290,0.022273,0.000628,0.023167
291,0.022305,0.000477,0.023053
292,0.022301,0.000484,0.023036
293,0.02301,0.000596,0.023867
294,0.028489,0.000509,0.029385
295,0.022813,0.000481,0.023565
296,0.051187,0.000999,0.052858
297,0.040936,0.000928,0.042502
298,0.030413,0.001957,0.032719
299,0.023935,0.000713,0.024907
300,0.023574,0.000512,0.024331
301,0.023833,0.000498,0.024568
302,0.021904,0.000714,0.022922
303,0.020985,0.000569,0.021855
304,0.021972,0.000505,0.022748
305,0.0218,0.000487,0.022524
306,0.021319,0.000489,0.022079
307,0.021311,0.000491,0.022043
308,0.021267,0.000604,0.022109
309,0.021183,0.000605,0.022038
310,0.02155,0.000534,0.022473
311,0.021363,0.000554,0.022163
312,0.021348,0.000496,0.022082
313,0.021173,0.000497,0.021909
314,0.021303,0.00049,0.022033
315,0.021212,0.000533,0.021986
316,0.021469,0.000495,0.022205
317,0.021206,0.000523,0.021977
318,0.021462,0.000532,0.022234
319,0.023253,0.000703,0.024219
320,0.022751,0.00053,0.023528
321,0.022632,0.000491,0.023365
322,0.022556,0.000506,0.023303
323,0.022466,0.000509,0.023221
324,0.022556,0.000493,0.023292
325,0.022373,0.000522,0.023135
326,0.022559,0.00059,0.023396
327,0.02256,0.00069,0.023558
328,0.022091,0.000516,0.022853
329,0.022029,0.000535,0.022817
330,0.022184,0.000718,0.023146
331,0.022091,0.000513,0.022845
332,0.025602,0.000528,0.02639
333,0.022221,0.00061,0.023075
334,0.039782,0.001104,0.041587
335,0.044853,0.00087,0.046335
336,0.029687,0.000835,0.030864
337,0.022096,0.000501,0.022838
338,0.022712,0.000647,0.023598
339,0.022717,0.000487,0.023436
340,0.021985,0.0005,0.022719
341,0.022085,0.000481,0.0228
342,0.02209,0.000488,0.022809
343,0.022137,0.00066,0.023036
344,0.022056,0.000539,0.02297
345,0.022087,0.000491,0.022824
346,0.022129,0.000636,0.023
347,0.02177,0.000501,0.0225
348,0.021794,0.000495,0.022526
349,0.02163,0.000492,0.022356
350,0.021584,0.000492,0.02231
351,0.021449,0.000488,0.022171
352,0.021564,0.000518,0.022319
353,0.02158,0.000502,0.022316
354,0.021499,0.000513,0.022245
355,0.021505,0.000497,0.022236
356,0.021571,0.000495,0.0223
357,0.021432,0.00056,0.022226
358,0.021551,0.000481,0.022264
359,0.02146,0.00049,0.022185
360,0.021602,0.000535,0.022372
361,0.022229,0.000656,0.023214
362,0.021974,0.000491,0.022738
363,0.021632,0.000485,0.02236
364,0.021536,0.000627,0.022398
365,0.021873,0.000485,0.022594
366,0.021627,0.000484,0.022345
367,0.021887,0.000525,0.02267
368,0.021103,0.000492,0.021852
369,0.021001,0.000493,0.021727
370,0.020954,0.000498,0.021686
371,0.024547,0.000491,0.025278
372,0.021037,0.000482,0.021763
373,0.020945,0.000498,0.021678
374,0.055232,0.001141,0.057041
375,0.035198,0.00088,0.036616
376,0.025827,0.000509,0.026693
377,0.020943,0.000648,0.021881
378,0.020324,0.001041,0.021957
379,0.019987,0.00069,0.021002
380,0.019157,0.000545,0.02001
381,0.01909,0.000485,0.019866
382,0.019274,0.000475,0.020045
383,0.019212,0.000476,0.019985
384,0.01901,0.000489,0.019792
385,0.018902,0.000478,0.019672
386,0.019037,0.000486,0.019812
387,0.019073,0.00048,0.019845
388,0.018991,0.00048,0.019758
389,0.018972,0.00048,0.019743
390,0.019017,0.000531,0.019837
391,0.019128,0.00052,0.019938
392,0.019235,0.000731,0.020257
393,0.01909,0.000526,0.019911
394,0.019159,0.000583,0.020042
395,0.019249,0.000659,0.020302
396,0.018974,0.000476,0.019741
397,0.019099,0.00048,0.019872
398,0.019076,0.000479,0.019846
399,0.019064,0.000472,0.019825
400,0.019093,0.000481,0.019864
401,0.019589,0.00052,0.020403
402,0.018434,0.000619,0.019344
403,0.018462,0.000493,0.019243
404,0.018386,0.000483,0.019157
405,0.018343,0.000475,0.019115
406,0.018477,0.000481,0.019249
407,0.018319,0.000488,0.019099
408,0.018408,0.000476,0.019175
409,0.018354,0.000485,0.019128
410,0.018306,0.000478,0.019072
411,0.018391,0.000585,0.019271
412,0.018517,0.000501,0.019428
413,0.018353,0.000516,0.019164
414,0.018433,0.000512,0.019236
415,0.022087,0.000494,0.022883
416,0.018368,0.000484,0.019149
417,0.040854,0.001208,0.042802
418,0.034986,0.000825,0.036539
419,0.030755,0.000793,0.032072
420,0.020238,0.000504,0.021157
421,0.06085,0.000856,0.062369
422,0.021082,0.0006,0.022239
423,0.018673,0.000628,0.019651
424,0.018409,0.000532,0.019236
425,0.018265,0.000503,0.019058
426,0.018368,0.000626,0.019288
427,0.018352,0.000484,0.019124
428,0.018265,0.00061,0.019194
429,0.018459,0.000533,0.019426
430,0.018168,0.000508,0.018966
431,0.018267,0.00049,0.019047
432,0.018162,0.000489,0.018936
433,0.020854,0.000485,0.02164
434,0.018311,0.000489,0.019095
435,0.018203,0.000492,0.018985
436,0.018426,0.000483,0.019201
437,0.018294,0.000499,0.019085
438,0.018542,0.000491,0.019327
439,0.018163,0.000491,0.018943
440,0.018134,0.000481,0.018904
441,0.018191,0.000479,0.018958
442,0.018427,0.000565,0.019283
443,0.018275,0.000562,0.019129
444,0.018417,0.000547,0.01925
445,0.018185,0.000634,0.019112
446,0.018445,0.000535,0.019349
447,0.018459,0.000536,0.019287
448,0.018326,0.000533,0.019149
449,0.018329,0.000522,0.019139
450,0.018287,0.000478,0.019055
451,0.018178,0.000477,0.018966
452,0.018309,0.000498,0.019103
453,0.018348,0.001033,0.019716
454,0.018633,0.000854,0.019813
455,0.018958,0.000556,0.019812
456,0.018538,0.000501,0.019348
457,0.021915,0.000687,0.022926
458,0.018467,0.000481,0.019251
459,0.018265,0.00049,0.019048
460,0.048732,0.001091,0.050578
461,0.032035,0.000831,0.033618
462,0.027525,0.000627,0.028626
463,0.018772,0.000532,0.019808
464,0.018236,0.000494,0.019067
465,0.018159,0.000474,0.018933
466,0.018225,0.000476,0.018998
467,0.018268,0.000477,0.019041
468,0.01837,0.000663,0.019334
469,0.018273,0.000475,0.019084
470,0.01815,0.000531,0.018979
471,0.018317,0.000501,0.019106
472,0.018419,0.000627,0.019343
473,0.018405,0.000537,0.019229
474,0.018267,0.000547,0.019108
475,0.018227,0.000481,0.018998
476,0.018281,0.000485,0.019055
477,0.018456,0.000482,0.019227
478,0.01953,0.000925,0.020896
479,0.018259,0.000572,0.019129
480,0.018301,0.000519,0.019198
481,0.018137,0.000485,0.01895
482,0.018258,0.000476,0.019022
483,0.018412,0.000479,0.019177
484,0.018501,0.000521,0.02181
485,0.018252,0.000803,0.019383
486,0.018393,0.000514,0.019202
487,0.018374,0.000509,0.019175
488,0.018319,0.000598,0.019211
489,0.018514,0.000484,0.019298
490,0.018348,0.000492,0.019134
491,0.018271,0.000492,0.019055
492,0.018317,0.000498,0.019109
493,0.018261,0.000489,0.019041
494,0.018216,0.000486,0.018995
495,0.018368,0.000518,0.019187
496,0.017826,0.000555,0.018672
497,0.017839,0.000531,0.018749
498,0.017889,0.000495,0.018673
499,0.017813,0.00049,0.018605
500,0.017826,0.00049,0.018605
501,0.017821,0.000547,0.018655
502,0.017714,0.00049,0.018496
503,0.017878,0.000491,0.018681
504,0.017753,0.0005,0.018549
505,0.040877,0.001311,0.042962
506,0.0328,0.000574,0.034048
507,0.01799,0.000494,0.018811
508,0.017692,0.000475,0.018461
509,0.017571,0.000512,0.018371
510,0.01767,0.000511,0.018469
511,0.017753,0.000484,0.01853
512,0.017708,0.000477,0.018477
513,0.017626,0.000586,0.018502
514,0.018191,0.000506,0.019157
515,0.017704,0.000491,0.018488
516,0.017764,0.000664,0.018741
517,0.01772,0.000487,0.018494
518,0.017854,0.000475,0.018619
519,0.017746,0.000495,0.018531
520,0.017752,0.000471,0.018515
521,0.017553,0.000473,0.018316
522,0.017645,0.000565,0.018503
523,0.017999,0.000505,0.0188
524,0.020172,0.000493,0.020965
525,0.017706,0.000475,0.018474
526,0.017648,0.000486,0.018431
527,0.017731,0.000487,0.018513
528,0.017784,0.000486,0.018558
529,0.017776,0.00049,0.018558
530,0.01772,0.000555,0.018567
531,0.017791,0.000529,0.018676
532,0.017841,0.000523,0.018665
533,0.017676,0.000509,0.018484
534,0.017654,0.000599,0.018549
535,0.017698,0.000504,0.018497
536,0.017939,0.000558,0.018793
537,0.017929,0.000484,0.018703
538,0.017755,0.000485,0.018531
539,0.017676,0.000483,0.018449
540,0.018085,0.000477,0.018855
541,0.017621,0.000478,0.018392
542,0.017623,0.000479,0.018391
543,0.017652,0.000483,0.018424
544,0.017763,0.000493,0.018559
545,0.017768,0.000489,0.018548
546,0.018131,0.000488,0.018908
547,0.017737,0.000744,0.018777
548,0.017718,0.000523,0.018588
549,0.022172,0.000517,0.022986
550,0.01772,0.000544,0.018574
551,0.017673,0.000508,0.018481
552,0.052219,0.001042,0.053979
553,0.028947,0.00103,0.030673
554,0.019432,0.000496,0.020351
555,0.017645,0.00047,0.018414
556,0.017661,0.00047,0.018427
557,0.017735,0.00101,0.01908
558,0.018111,0.000905,0.019373
559,0.018132,0.000557,0.018987
560,0.017732,0.000458,0.018476
561,0.017895,0.000484,0.018668
562,0.017729,0.000461,0.018479
563,0.017848,0.000509,0.018647
564,0.017681,0.000594,0.018609
565,0.017871,0.000505,0.01888
566,0.017731,0.000475,0.018536
567,0.017713,0.000495,0.018497
568,0.017667,0.000448,0.018407
569,0.017679,0.000453,0.018422
570,0.017798,0.00054,0.018631
571,0.017753,0.000474,0.01852
572,0.017713,0.000569,0.018577
573,0.017796,0.000509,0.0186
574,0.017777,0.000555,0.018644
575,0.017844,0.000575,0.018708
576,0.017737,0.000497,0.018523
577,0.017676,0.000485,0.018449
578,0.017775,0.000698,0.018761
579,0.017613,0.000486,0.018394
580,0.01772,0.000497,0.018505
581,0.017818,0.000577,0.018685
582,0.017952,0.00049,0.018807
583,0.017808,0.000475,0.018575
584,0.017741,0.000474,0.018504
585,0.017736,0.000463,0.018489
586,0.017846,0.00048,0.018615
587,0.017845,0.000488,0.018624
588,0.018003,0.000469,0.018762
589,0.017573,0.000762,0.018627
590,0.018256,0.000539,0.019087
591,0.017933,0.00048,0.018701
592,0.01867,0.000486,0.019441
593,0.017724,0.000485,0.018503
594,0.017722,0.00051,0.018523
595,0.017775,0.00056,0.018623
596,0.017989,0.000523,0.018833
597,0.017692,0.000529,0.018514
598,0.040145,0.001327,0.042216
599,0.033934,0.000809,0.035574
600,0.02793,0.000763,0.029151
601,0.01781,0.000484,0.018609
602,0.017832,0.000468,0.01861
603,0.106281,0.000776,0.107709
604,0.01814,0.000473,0.019104
605,0.018,0.000551,0.018877
606,0.017876,0.000508,0.018692
607,0.018517,0.000504,0.019331
608,0.018348,0.000471,0.019128
609,0.018124,0.00068,0.019114
610,0.019047,0.000586,0.019944
611,0.018083,0.000503,0.018904
612,0.018975,0.000596,0.019875
613,0.018334,0.000481,0.019119
614,0.0182,0.000468,0.018978
615,0.018064,0.000572,0.018961
616,0.018067,0.00055,0.019077
617,0.017928,0.000519,0.018765
618,0.01793,0.000499,0.018738
619,0.01789,0.000705,0.018973
620,0.016958,0.000665,0.017933
621,0.016916,0.000544,0.017789
622,0.016976,0.000633,0.017963
623,0.017071,0.000575,0.017965
624,0.017305,0.000521,0.018136
625,0.01927,0.000755,0.020387
626,0.018324,0.00063,0.019286
627,0.017974,0.000504,0.018786
628,0.017773,0.000484,0.018564
629,0.017738,0.000493,0.01854
630,0.01773,0.000483,0.018515
631,0.017849,0.00048,0.018637
632,0.017767,0.000534,0.018619
633,0.017381,0.000617,0.018381
634,0.017231,0.000489,0.01803
635,0.017125,0.000584,0.018029
636,0.017491,0.000619,0.018417
637,0.021099,0.000552,0.02196
638,0.017361,0.000507,0.018186
639,0.017224,0.000481,0.018012
640,0.048024,0.001397,0.050157
641,0.031633,0.000958,0.0333
642,0.028512,0.000874,0.029923
643,0.017371,0.0005,0.018234
644,0.017411,0.00049,0.018231
645,0.017227,0.000484,0.018028
646,0.017162,0.000487,0.017965
647,0.017196,0.000479,0.017988
648,0.017397,0.000489,0.018201
649,0.017209,0.000711,0.018229
650,0.01745,0.000524,0.018414
651,0.017277,0.000887,0.018493
652,0.019278,0.000516,0.020134
653,0.019656,0.000636,0.02069
654,0.018394,0.000525,0.019251
655,0.019235,0.000487,0.020011
656,0.018774,0.000503,0.019566
657,0.018833,0.000592,0.019714
658,0.019054,0.000522,0.019871
659,0.018609,0.000481,0.019379
660,0.018572,0.000617,0.019479
661,0.018701,0.000686,0.019677
662,0.018524,0.000499,0.019311
663,0.018387,0.000478,0.019154
664,0.018339,0.000475,0.019104
665,0.01852,0.000673,0.019482
666,0.018316,0.00057,0.01918
667,0.018464,0.000549,0.019395
668,0.018475,0.000519,0.019288
669,0.018338,0.000588,0.019212
670,0.018341,0.000678,0.01932
671,0.018343,0.00066,0.019312
672,0.018406,0.000504,0.019214
673,0.018445,0.000655,0.019393
674,0.018472,0.000485,0.019249
675,0.018489,0.000485,0.019265
676,0.018711,0.00049,0.019503
677,0.018511,0.000573,0.019371
678,0.018405,0.000473,0.019166
679,0.018414,0.000479,0.019186
680,0.018378,0.000479,0.019144
681,0.01817,0.00057,0.019029
682,0.018362,0.000672,0.019324
683,0.018683,0.000606,0.019657
684,0.018338,0.000531,0.019292
685,0.04489,0.001606,0.047229
686,0.031378,0.000591,0.03266
687,0.018426,0.000513,0.019278
688,0.018328,0.000517,0.019149
689,0.018319,0.000793,0.01944
690,0.018459,0.0005,0.019264
691,0.0183,0.000485,0.019084
692,0.018418,0.000493,0.019233
693,0.018684,0.000606,0.019594
694,0.018518,0.000478,0.019293
695,0.018549,0.000482,0.019327
696,0.01833,0.000484,0.01911
697,0.01839,0.000589,0.019274
698,0.018436,0.000525,0.01929
699,0.018616,0.000522,0.019443
700,0.019322,0.000616,0.020236
701,0.019138,0.000671,0.020273
702,0.018584,0.000704,0.019614
703,0.018828,0.000507,0.019629
704,0.022017,0.000483,0.022796
705,0.018511,0.000562,0.019365
706,0.018542,0.000498,0.019331
707,0.018491,0.000496,0.019282
708,0.018549,0.000694,0.019536
709,0.01861,0.000647,0.01955
710,0.018411,0.000477,0.019178
711,0.018519,0.000477,0.019291
712,0.018478,0.000475,0.019244
713,0.01907,0.000757,0.020115
714,0.019113,0.000558,0.019965
715,0.019034,0.000505,0.019829
716,0.018989,0.000498,0.019779
717,0.019017,0.000641,0.019952
718,0.018998,0.000566,0.019967
719,0.019042,0.0005,0.019835
720,0.019072,0.000489,0.019852
721,0.019121,0.000581,0.019992
722,0.019102,0.000496,0.019888
723,0.019049,0.000483,0.019825
724,0.018981,0.000489,0.019761
725,0.019041,0.000571,0.019924
726,0.019145,0.00052,0.019955
727,0.02281,0.000652,0.023793
728,0.019364,0.000513,0.020186
729,0.019173,0.000603,0.020068
730,0.052745,0.001196,0.054668
731,0.031732,0.000594,0.032922
732,0.019192,0.0005,0.020009
733,0.019179,0.000803,0.020281
734,0.019029,0.000642,0.019975
735,0.019205,0.000536,0.020179
736,0.019147,0.000486,0.019924
737,0.019099,0.000646,0.020035
738,0.019047,0.000491,0.019832
739,0.019089,0.000488,0.019865
740,0.019206,0.000485,0.019979
741,0.019123,0.000624,0.020038
742,0.018968,0.000491,0.019748
743,0.019057,0.000483,0.019833
744,0.02117,0.000837,0.022364
745,0.020328,0.000649,0.021286
746,0.020489,0.000813,0.021603
747,0.020357,0.000522,0.021168
748,0.024522,0.00059,0.025403
749,0.020347,0.000718,0.021355
750,0.020428,0.000516,0.021238
751,0.020113,0.000801,0.021207
752,0.020365,0.000622,0.021352
753,0.020303,0.000674,0.02131
754,0.020242,0.000527,0.021073
755,0.020367,0.000483,0.021145
756,0.020447,0.000508,0.021248
757,0.02033,0.000599,0.021217
758,0.020293,0.0005,0.021084
759,0.0201,0.000486,0.020875
760,0.02028,0.000629,0.021217
761,0.020266,0.000591,0.021146
762,0.020109,0.000516,0.020916
763,0.020136,0.000496,0.020945
764,0.020258,0.000624,0.021175
765,0.02046,0.00078,0.02153
766,0.019871,0.000507,0.020675
767,0.020365,0.000561,0.021221
768,0.020338,0.000755,0.021385
769,0.020382,0.004097,0.024839
770,0.020608,0.000513,0.021452
771,0.020534,0.000503,0.021331
772,0.052461,0.00123,0.05448
773,0.036797,0.001205,0.03875
774,0.020657,0.000516,0.02151
775,0.020319,0.000706,0.021324
776,0.051362,0.000998,0.053002
777,0.021006,0.000665,0.022192
778,0.019785,0.000558,0.020679
779,0.019618,0.000539,0.02049
780,0.019599,0.000558,0.02053
781,0.019634,0.000642,0.02063
782,0.01953,0.000516,0.020379
783,0.019487,0.000508,0.020313
784,0.019568,0.000802,0.020697
785,0.019579,0.000742,0.020638
786,0.020108,0.000603,0.021201
787,0.01994,0.000524,0.020788
788,0.02118,0.000524,0.022123
789,0.019599,0.000596,0.020514
790,0.019676,0.000503,0.020478
791,0.019749,0.000522,0.020571
792,0.019442,0.000676,0.020422
793,0.019401,0.000505,0.020204
794,0.019578,0.000506,0.020377
795,0.019497,0.000668,0.020457
796,0.019467,0.000498,0.020257
797,0.019741,0.000623,0.020658
798,0.01969,0.000497,0.020483
799,0.019459,0.000481,0.020232
800,0.019623,0.000592,0.020502
801,0.019772,0.000499,0.020572
802,0.019839,0.000597,0.020739
803,0.019591,0.000717,0.020699
804,0.019776,0.000496,0.020564
805,0.019665,0.000616,0.020573
806,0.019522,0.000676,0.020496
807,0.019037,0.00051,0.019842
808,0.019092,0.00059,0.019976
809,0.019207,0.0005,0.020014
810,0.022796,0.0005,0.023591
811,0.01896,0.0005,0.019774
812,0.019037,0.000495,0.019839
813,0.053193,0.001371,0.055293
814,0.033448,0.001117,0.035307
815,0.019691,0.000504,0.020581
816,0.018904,0.000581,0.019812
817,0.019196,0.000668,0.020176
818,0.019214,0.000514,0.020031
819,0.018937,0.000609,0.019863
820,0.019192,0.000549,0.020188
821,0.018903,0.000588,0.019795
822,0.019036,0.000733,0.020076
823,0.018985,0.000532,0.019814
824,0.019059,0.000608,0.019968
825,0.019121,0.000504,0.019924
826,0.018996,0.000647,0.019946
827,0.019377,0.000496,0.020191
828,0.01938,0.000488,0.020171
829,0.019197,0.000584,0.020084
830,0.019154,0.000491,0.019944
831,0.019247,0.00049,0.020039
832,0.019208,0.000561,0.020089
833,0.019179,0.000518,0.019997
834,0.0194,0.000533,0.020234
835,0.01926,0.000517,0.020078
836,0.019185,0.00062,0.020123
837,0.019264,0.000802,0.020468
838,0.019407,0.000513,0.020227
839,0.019223,0.000515,0.020046
840,0.019122,0.000566,0.019988
841,0.019162,0.000641,0.020099
842,0.019243,0.000514,0.020057
843,0.01909,0.000497,0.01989
844,0.019158,0.000486,0.019945
845,0.019064,0.000614,0.019998
846,0.019111,0.000503,0.019918
847,0.019322,0.000494,0.02012
848,0.019326,0.000565,0.020196
849,0.019218,0.000482,0.020002
850,0.019211,0.000485,0.019998
851,0.019267,0.00049,0.020057
852,0.020442,0.000518,0.021263
853,0.019013,0.000775,0.020094
854,0.022425,0.00064,0.023454
855,0.018708,0.000548,0.019577
856,0.043071,0.001424,0.045273
857,0.034959,0.001023,0.036676
858,0.025489,0.000599,0.02658
859,0.0187,0.000514,0.019556
860,0.018709,0.000757,0.019777
861,0.018689,0.000668,0.019667
862,0.018765,0.000514,0.01959
863,0.018617,0.000521,0.019441
864,0.018693,0.000608,0.019614
865,0.01882,0.000519,0.019677
866,0.018783,0.00048,0.019568
867,0.018832,0.000488,0.019626
868,0.018723,0.000708,0.019755
869,0.018915,0.00064,0.019867
870,0.018767,0.00063,0.019728
871,0.018967,0.000551,0.01996
872,0.01865,0.000565,0.019519
873,0.018635,0.000536,0.019471
874,0.018625,0.000497,0.019422
875,0.018697,0.000489,0.019484
876,0.018811,0.000486,0.019593
877,0.018932,0.000564,0.019793
878,0.018852,0.000506,0.019658
879,0.018924,0.000746,0.019972
880,0.019624,0.000673,0.020598
881,0.019599,0.00048,0.02038
882,0.019391,0.000478,0.020169
883,0.019318,0.000664,0.020281
884,0.019183,0.000534,0.020018
885,0.019373,0.000641,0.020342
886,0.0196,0.000602,0.020528
887,0.019386,0.000638,0.020336
888,0.019107,0.000794,0.020279
889,0.019191,0.000537,0.020028
890,0.019179,0.000484,0.019963
891,0.019091,0.000477,0.019868
892,0.019158,0.000478,0.019935
893,0.019205,0.000478,0.019982
894,0.019007,0.000477,0.019775
895,0.019139,0.000546,0.019988
896,0.019243,0.000586,0.020126
897,0.019201,0.00048,0.019977
898,0.023017,0.000674,0.024023
899,0.019165,0.000633,0.020126
900,0.043493,0.001244,0.045482
901,0.036492,0.00064,0.037772
902,0.019438,0.000523,0.020319
903,0.019453,0.000515,0.020288
904,0.019163,0.000742,0.02021
905,0.019413,0.000532,0.020358
906,0.019112,0.000494,0.019902
907,0.019181,0.000471,0.019957
908,0.019163,0.000546,0.020003
909,0.019226,0.000484,0.019999
910,0.019356,0.000463,0.020159
911,0.019389,0.000596,0.020279
912,0.0193,0.000622,0.020214
913,0.019177,0.00057,0.02004
914,0.0192,0.000559,0.020052
915,0.0193,0.00049,0.020082
916,0.019186,0.000524,0.020002
917,0.018999,0.000618,0.01991
918,0.019036,0.000487,0.019814
919,0.019126,0.000604,0.020024
920,0.019099,0.000618,0.020008
921,0.01916,0.000772,0.020226
922,0.020766,0.000554,0.021696
923,0.022223,0.000482,0.023037
924,0.021535,0.000567,0.022446
925,0.019662,0.000514,0.0205
926,0.019366,0.000527,0.020196
927,0.019309,0.00048,0.020097
928,0.019253,0.000637,0.0202
929,0.0193,0.00049,0.020092
930,0.01915,0.000671,0.020127
931,0.019253,0.000502,0.020056
932,0.019257,0.00049,0.020041
933,0.019194,0.000503,0.019994
934,0.019721,0.000489,0.020509
935,0.019193,0.00051,0.020001
936,0.019223,0.000787,0.020317
937,0.019417,0.000652,0.020365
938,0.019378,0.000631,0.020345
939,0.01925,0.000546,0.020168
940,0.018987,0.000475,0.019757
941,0.022326,0.000494,0.02314
942,0.019548,0.000491,0.020356
943,0.019131,0.000483,0.019933
944,0.052351,0.001259,0.054322
945,0.03393,0.00104,0.035701
946,0.019219,0.000502,0.020044
947,0.019258,0.000527,0.020092
948,0.062743,0.00078,0.064172
949,0.020568,0.000962,0.022032
950,0.019251,0.001169,0.020822
951,0.129007,0.002816,0.133267
952,0.036161,0.001277,0.038419
953,0.020526,0.001031,0.021979
954,0.020055,0.000601,0.021
955,0.01955,0.000971,0.020922
956,0.019969,0.000588,0.0211
957,0.019604,0.000512,0.020469
958,0.019626,0.000479,0.020419
959,0.019398,0.000476,0.020176
960,0.019322,0.000681,0.020299
961,0.019384,0.001056,0.020763
962,0.019349,0.000559,0.020213
963,0.019182,0.000491,0.019969
964,0.019289,0.000557,0.020149
965,0.019384,0.000688,0.020404
966,0.019091,0.000681,0.020073
967,0.022779,0.000664,0.023762
968,0.019643,0.000683,0.020653
969,0.019119,0.000674,0.020096
970,0.019142,0.000499,0.019944
971,0.019083,0.000518,0.0199
972,0.019114,0.000608,0.02007
973,0.019094,0.00111,0.020882
974,0.019426,0.000764,0.020716
975,0.018172,0.000762,0.019325
976,0.017886,0.000645,0.018884
977,0.017947,0.000874,0.019234
978,0.079491,0.001148,0.081502
979,0.029541,0.000755,0.031206
980,0.028049,0.000808,0.029457
981,0.025283,0.000762,0.026553
982,0.017794,0.000536,0.018745
983,0.017665,0.000474,0.018528
984,0.017658,0.000445,0.018485
985,0.022923,0.000646,0.023981
986,0.01782,0.000503,0.018723
987,0.017872,0.000453,0.018715
988,0.01754,0.000478,0.01839
989,0.017927,0.000648,0.01895
990,0.018098,0.000663,0.019341
991,0.017677,0.000623,0.018709
992,0.0178,0.00076,0.018957
993,0.01759,0.00079,0.018762
994,0.017553,0.000517,0.018451
995,0.017467,0.000487,0.018337
996,0.0179,0.000473,0.01875
997,0.017677,0.000483,0.018538
998,0.017642,0.000458,0.018475
999,0.017808,0.00046,0.018627
1000,0.017604,0.000472,0.018437
1001,0.017454,0.000621,0.018454
1002,0.017728,0.000508,0.018617
1003,0.018323,0.000504,0.019213
1004,0.017536,0.000451,0.018362
1005,0.017513,0.000459,0.018343
1006,0.017605,0.000538,0.01851
1007,0.017642,0.000514,0.018624
1008,0.017858,0.000493,0.018752
1009,0.018535,0.000573,0.019648
1010,0.017731,0.000446,0.018536
1011,0.017558,0.000491,0.018401
1012,0.017528,0.000694,0.018578
1013,0.024542,0.001356,0.026247
1014,0.020813,0.000876,0.021995
1015,0.018385,0.000574,0.019207
1016,0.017443,0.000487,0.018129
1017,0.017324,0.00049,0.018016
1018,0.01731,0.000476,0.017988
1019,0.017357,0.000475,0.018033
1020,0.055647,0.000951,0.057233
1021,0.030306,0.000819,0.031503
1022,0.022214,0.000498,0.022973
1023,0.017183,0.000464,0.01785
1024,0.017192,0.000459,0.017853
1025,0.017176,0.000472,0.017846
1026,0.017443,0.000461,0.018112
1027,0.017317,0.000488,0.018004
1028,0.024652,0.000469,0.025338
1029,0.023361,0.000643,0.024222
1030,0.017368,0.000513,0.018146
1031,0.017257,0.000464,0.017934
1032,0.01702,0.000477,0.0177
1033,0.017136,0.000465,0.017809
1034,0.017177,0.000478,0.017857
1035,0.017224,0.00047,0.017895
1036,0.017207,0.000458,0.017865
1037,0.017291,0.000475,0.017967
1038,0.017167,0.000495,0.017862
1039,0.017366,0.000475,0.018042
1040,0.017251,0.000479,0.017926
1041,0.017198,0.000473,0.017872
1042,0.017249,0.000473,0.017922
1043,0.017206,0.00047,0.017874
1044,0.01727,0.000474,0.017943
1045,0.017206,0.000476,0.017883
1046,0.017289,0.00055,0.018051
1047,0.017378,0.000486,0.018103
1048,0.017189,0.000465,0.017856
1049,0.017292,0.000478,0.01797
1050,0.017179,0.000473,0.017852
1051,0.017193,0.000472,0.017863
1052,0.017256,0.000463,0.017919
1053,0.017279,0.000473,0.017954
1054,0.019403,0.000477,0.020086
1055,0.017283,0.000472,0.017954
1056,0.017079,0.000473,0.01775
1057,0.017156,0.000476,0.017834
1058,0.0172,0.000458,0.017859
1059,0.017198,0.000471,0.017868
1060,0.017266,0.000466,0.017932
1061,0.017159,0.000468,0.017829
1062,0.01719,0.000497,0.017887
1063,0.017232,0.000543,0.017996
1064,0.017379,0.000479,0.018085
1065,0.017218,0.000465,0.017883
1066,0.01718,0.000465,0.017845
1067,0.049416,0.000953,0.051
1068,0.030311,0.000818,0.031562
1069,0.02257,0.000474,0.023303
1070,0.017175,0.000467,0.017842
1071,0.017201,0.000477,0.017878
1072,0.017313,0.00046,0.017972
1073,0.01719,0.000458,0.017848
1074,0.016995,0.000465,0.017662
1075,0.01714,0.000463,0.017802
1076,0.017286,0.000472,0.017958
1077,0.021188,0.00047,0.021857
1078,0.017147,0.000475,0.017821
1079,0.017275,0.000477,0.017955
1080,0.017718,0.000646,0.018591
1081,0.017497,0.000503,0.018247
1082,0.017735,0.000465,0.0184
1083,0.017216,0.000461,0.017878
1084,0.017228,0.000464,0.017895
1085,0.017275,0.000475,0.01795
1086,0.01727,0.000468,0.017938
1087,0.017225,0.000466,0.018004
1088,0.017127,0.000461,0.017788
1089,0.017238,0.000462,0.017924
1090,0.017073,0.000474,0.017749
1091,0.017243,0.000459,0.017904
1092,0.017268,0.000475,0.017942
1093,0.017163,0.000486,0.017848
1094,0.017164,0.000473,0.017839
1095,0.01728,0.000468,0.017947
1096,0.017253,0.000472,0.017929
1097,0.017275,0.000529,0.018008
1098,0.017254,0.000475,0.017952
1099,0.017294,0.000474,0.017969
1100,0.017269,0.000475,0.017945
1101,0.017163,0.000473,0.017837
1102,0.017193,0.000474,0.017866
1103,0.018265,0.000468,0.018959
1104,0.017329,0.000463,0.01799
1105,0.01733,0.000473,0.018002
1106,0.017244,0.00047,0.017914
1107,0.017235,0.000464,0.017901
1108,0.017267,0.000477,0.017945
1109,0.017287,0.000469,0.017956
1110,0.017252,0.000476,0.017929
1111,0.017302,0.000457,0.017959
1112,0.017265,0.000475,0.017942
1113,0.017448,0.000523,0.018205
1114,0.017312,0.000475,0.018028
1115,0.044322,0.000948,0.045854
1116,0.030748,0.000753,0.031893
1117,0.028402,0.000489,0.029155
1118,0.01718,0.000466,0.017847
1119,0.017106,0.000474,0.01778
1120,0.061674,0.000727,0.062916
1121,0.017581,0.000476,0.018287
1122,0.017148,0.000472,0.017827
1123,0.020953,0.000464,0.021625
1124,0.017358,0.000466,0.018031
1125,0.017116,0.000463,0.017784
1126,0.017189,0.000458,0.017852
1127,0.017273,0.000471,0.017943
1128,0.017159,0.000476,0.017838
1129,0.017293,0.000644,0.018158
1130,0.017411,0.000508,0.018166
1131,0.017392,0.000463,0.018056
1132,0.017109,0.000471,0.01778
1133,0.017281,0.000465,0.017945
1134,0.01722,0.000464,0.017885
1135,0.01731,0.00047,0.017978
1136,0.017325,0.000461,0.01802
1137,0.01733,0.000472,0.018001
1138,0.017178,0.000475,0.017853
1139,0.017186,0.000464,0.01785
1140,0.017243,0.000475,0.017918
1141,0.017278,0.000474,0.017953
1142,0.017221,0.000458,0.017881
1143,0.017151,0.000487,0.017839
1144,0.017227,0.000468,0.017901
1145,0.017311,0.000518,0.018047
1146,0.017416,0.000468,0.018119
1147,0.017367,0.000471,0.018037
1148,0.019826,0.000469,0.020501
1149,0.017284,0.000458,0.01794
1150,0.017116,0.000482,0.017797
1151,0.017314,0.00047,0.017985
1152,0.017284,0.000464,0.017946
1153,0.017212,0.000468,0.017881
1154,0.017177,0.000465,0.017841
1155,0.017229,0.000471,0.0179
1156,0.01729,0.000474,0.017964
1157,0.017172,0.000461,0.017832
1158,0.017194,0.00046,0.017855
1159,0.017193,0.000473,0.017866
1160,0.017095,0.00046,0.017757
1161,0.052006,0.001168,0.053767
1162,0.030901,0.000787,0.032159
1163,0.029216,0.000832,0.030459
1164,0.017805,0.000479,0.018509
1165,0.017133,0.000465,0.017804
1166,0.017235,0.000474,0.017917
1167,0.017291,0.000458,0.017953
1168,0.017295,0.00047,0.017971
1169,0.017268,0.000469,0.017943
1170,0.020952,0.000463,0.021622
1171,0.01724,0.000471,0.017916
1172,0.017319,0.000474,0.018
1173,0.017631,0.000502,0.018339
1174,0.017706,0.00049,0.018402
1175,0.017412,0.00047,0.018088
1176,0.017386,0.000459,0.01805
1177,0.01753,0.000556,0.018298
1178,0.017372,0.000488,0.018092
1179,0.017288,0.000466,0.017961
1180,0.017262,0.000471,0.01794
1181,0.017248,0.000456,0.017912
1182,0.017246,0.000459,0.017911
1183,0.017275,0.000476,0.017961
1184,0.017255,0.00047,0.017931
1185,0.017507,0.000455,0.01817
1186,0.01736,0.000473,0.018039
1187,0.017237,0.000456,0.017899
1188,0.017161,0.000474,0.017842
1189,0.017235,0.000471,0.017913
1190,0.017224,0.00047,0.017897
1191,0.017265,0.000457,0.017927
1192,0.017226,0.000475,0.017907
1193,0.01722,0.000517,0.017946
1194,0.017195,0.000469,0.017898
1195,0.017261,0.000803,0.01833
1196,0.018286,0.000558,0.01906
1197,0.019356,0.000898,0.020481
1198,0.019695,0.000718,0.020639
1199,0.018498,0.000561,0.019263
1200,0.018092,0.00051,0.018803
1201,0.018156,0.000513,0.018873
1202,0.018195,0.000507,0.018902
1203,0.018062,0.000497,0.018762
1204,0.018059,0.000493,0.018757
1205,0.018208,0.000501,0.018907
1206,0.018142,0.000651,0.018995
1207,0.041249,0.001121,0.043003
1208,0.032131,0.000773,0.033276
1209,0.030836,0.001035,0.032283
1210,0.023597,0.000543,0.024408
1211,0.018133,0.000495,0.018831
1212,0.018305,0.000496,0.019009
1213,0.018177,0.000496,0.018873
1214,0.018394,0.000567,0.019162
1215,0.023121,0.000534,0.023858
1216,0.025384,0.00051,0.026101
1217,0.02132,0.000491,0.022013
1218,0.020957,0.000496,0.021655
1219,0.021093,0.000506,0.021798
1220,0.021015,0.000501,0.021716
1221,0.021273,0.000494,0.021968
1222,0.021385,0.000497,0.022083
1223,0.021382,0.000493,0.022076
1224,0.021706,0.000497,0.022408
1225,0.021283,0.00072,0.022209
1226,0.021142,0.000512,0.021889
1227,0.021215,0.000507,0.021924
1228,0.021123,0.000507,0.021831
1229,0.022014,0.000507,0.022721
1230,0.021696,0.000495,0.022394
1231,0.021606,0.0005,0.022306
1232,0.021696,0.000502,0.022401
1233,0.021685,0.000591,0.022484
1234,0.021699,0.000687,0.022588
1235,0.021454,0.000503,0.022158
1236,0.021137,0.000507,0.021846
1237,0.023069,0.000503,0.023785
1238,0.022029,0.000798,0.023068
1239,0.020733,0.000562,0.021505
1240,0.020778,0.000558,0.021551
1241,0.020489,0.000751,0.02146
1242,0.021248,0.00062,0.022095
1243,0.021387,0.000534,0.022197
1244,0.021213,0.000556,0.022013
1245,0.021074,0.000514,0.021789
1246,0.020938,0.000513,0.021656
1247,0.020981,0.000507,0.021692
1248,0.057343,0.001175,0.059171
1249,0.032327,0.000531,0.033154
1250,0.021109,0.000631,0.021951
1251,0.021253,0.000519,0.021995
1252,0.021145,0.000508,0.021858
1253,0.0213,0.00051,0.02201
1254,0.021402,0.000552,0.022156
1255,0.02112,0.000512,0.021833
1256,0.025053,0.000521,0.025801
1257,0.02432,0.001028,0.025589
1258,0.023051,0.000632,0.023949
1259,0.022655,0.00052,0.023377
1260,0.022558,0.000522,0.023295
1261,0.023089,0.000519,0.02381
1262,0.023038,0.00064,0.023892
1263,0.023236,0.000597,0.024036
1264,0.02294,0.000561,0.023706
1265,0.023033,0.000539,0.023775
1266,0.022958,0.000537,0.023699
1267,0.02317,0.000593,0.023966
1268,0.023134,0.000758,0.024126
1269,0.023222,0.000538,0.023961
1270,0.024573,0.000823,0.025629
1271,0.022964,0.000626,0.023817
1272,0.022772,0.000558,0.023539
1273,0.022748,0.000623,0.023578
1274,0.022777,0.000568,0.023581
1275,0.02226,0.000638,0.023105
1276,0.023722,0.000549,0.024478
1277,0.02185,0.000529,0.022586
1278,0.021668,0.000523,0.022396
1279,0.021787,0.000529,0.022519
1280,0.021658,0.000528,0.022389
1281,0.021544,0.000533,0.02228
1282,0.021792,0.000522,0.022517
1283,0.021662,0.000522,0.022392
1284,0.022008,0.000531,0.022744
1285,0.022554,0.000526,0.023282
1286,0.053904,0.001132,0.055656
1287,0.039808,0.000893,0.041146
1288,0.026357,0.000629,0.027254
1289,0.06784,0.001072,0.069445
1290,0.025712,0.000659,0.026683
1291,0.023267,0.004097,0.027592
1292,0.024258,0.000586,0.025058
1293,0.02288,0.00083,0.023925
1294,0.022758,0.000534,0.023501
1295,0.022676,0.00053,0.023417
1296,0.022603,0.000536,0.02335
1297,0.022604,0.000533,0.023346
1298,0.022561,0.000657,0.02343
1299,0.022661,0.000542,0.023413
1300,0.022525,0.000613,0.023348
1301,0.022663,0.000542,0.023414
1302,0.022579,0.000532,0.023321
1303,0.022491,0.000537,0.023238
1304,0.02267,0.00053,0.023409
1305,0.023671,0.000618,0.024504
1306,0.023108,0.000597,0.023946
1307,0.022924,0.000555,0.023684
1308,0.022732,0.000549,0.023501
1309,0.022564,0.000541,0.023311
1310,0.02271,0.001174,0.024095
1311,0.025165,0.000838,0.026246
1312,0.022881,0.000549,0.023635
1313,0.022603,0.000529,0.023336
1314,0.025738,0.000897,0.026978
1315,0.02541,0.000539,0.026171
1316,0.022123,0.000539,0.022865
1317,0.021567,0.000536,0.022309
1318,0.021971,0.000532,0.022707
1319,0.022011,0.000537,0.022752
1320,0.022494,0.000538,0.023237
1321,0.060543,0.001605,0.06278
1322,0.04032,0.00114,0.0421
1323,0.022811,0.000655,0.023714
1324,0.022718,0.000564,0.023504
1325,0.02267,0.000551,0.023423
1326,0.022752,0.000542,0.023497
1327,0.022595,0.000811,0.023722
1328,0.026702,0.000537,0.027456
1329,0.022779,0.000681,0.023662
1330,0.023604,0.000927,0.024784
1331,0.023017,0.00064,0.023868
1332,0.022833,0.000556,0.023593
1333,0.022532,0.00056,0.023297
1334,0.022334,0.000694,0.023233
1335,0.022994,0.00061,0.023807
1336,0.022862,0.000555,0.023622
1337,0.023083,0.000553,0.023842
1338,0.023081,0.000868,0.024153
1339,0.022837,0.000574,0.023666
1340,0.023776,0.000691,0.024678
1341,0.023185,0.000559,0.023946
1342,0.022833,0.000559,0.023596
1343,0.022998,0.000551,0.023882
1344,0.024083,0.000561,0.024849
1345,0.023983,0.000566,0.024754
1346,0.02336,0.000612,0.024174
1347,0.023593,0.000581,0.024376
1348,0.025459,0.000724,0.02639
1349,0.023552,0.000565,0.024319
1350,0.023277,0.000549,0.024029
1351,0.023213,0.000545,0.023963
1352,0.023328,0.000542,0.024071
1353,0.023597,0.000547,0.024345
1354,0.026201,0.000845,0.027276
1355,0.025272,0.000705,0.026196
1356,0.024986,0.000575,0.025853
1357,0.060664,0.001118,0.062374
1358,0.043667,0.000837,0.044919
1359,0.024994,0.000556,0.025762
1360,0.02501,0.00055,0.025763
1361,0.024745,0.000957,0.025907
1362,0.024857,0.000661,0.025722
1363,0.024822,0.000578,0.025603
1364,0.029245,0.000562,0.030034
1365,0.024942,0.000542,0.02569
1366,0.025079,0.000537,0.025818
1367,0.024953,0.000697,0.025854
1368,0.025009,0.00054,0.025753
1369,0.024905,0.000538,0.025647
1370,0.024911,0.00061,0.025726
1371,0.02698,0.000767,0.02799
1372,0.025955,0.00101,0.027192
1373,0.026884,0.000737,0.027883
1374,0.027442,0.000722,0.028375
1375,0.026397,0.000559,0.027163
1376,0.02599,0.00054,0.026738
1377,0.026375,0.000539,0.027131
1378,0.026508,0.000665,0.027384
1379,0.026254,0.000549,0.027145
1380,0.026346,0.000547,0.027101
1381,0.027175,0.000873,0.028336
1382,0.026152,0.00054,0.026906
1383,0.025811,0.000539,0.026561
1384,0.026247,0.000558,0.027015
1385,0.025748,0.000546,0.026647
1386,0.025945,0.000833,0.026991
1387,0.025398,0.000545,0.026153
1388,0.025604,0.000536,0.02635
1389,0.026017,0.000609,0.026853
1390,0.061988,0.001539,0.064202
1391,0.046958,0.000657,0.04794
1392,0.02756,0.000811,0.028659
1393,0.027334,0.00058,0.028123
1394,0.026894,0.000678,0.027779
1395,0.02676,0.000553,0.027526
1396,0.02619,0.00055,0.026947
1397,0.030518,0.000609,0.031347
1398,0.030439,0.000656,0.031323
1399,0.026662,0.000565,0.027646
1400,0.026407,0.000568,0.027286
1401,0.026103,0.000534,0.026955
1402,0.026319,0.000688,0.027219
1403,0.029389,0.000636,0.030246
1404,0.026995,0.000574,0.027776
1405,0.025726,0.000893,0.026824
1406,0.025849,0.001157,0.027216
1407,0.02576,0.000571,0.026589
1408,0.026893,0.000544,0.027647
1409,0.025789,0.000679,0.02668
1410,0.025906,0.000697,0.026813
1411,0.025577,0.000648,0.026434
1412,0.025552,0.000547,0.026309
1413,0.025708,0.000537,0.026454
1414,0.028081,0.000891,0.029179
1415,0.025593,0.0006,0.0264
1416,0.025713,0.000599,0.026523
1417,0.025631,0.000599,0.026437
1418,0.025985,0.000689,0.026883
1419,0.025687,0.000557,0.026456
1420,0.025616,0.000542,0.026367
1421,0.025824,0.00055,0.026582
1422,0.054678,0.0014,0.056761
1423,0.045613,0.001566,0.047748
1424,0.026098,0.00086,0.027233
1425,0.057518,0.000868,0.058942
1426,0.029195,0.000709,0.030174
1427,0.025977,0.000554,0.026738
1428,0.029773,0.00073,0.030722
1429,0.025791,0.000566,0.026566
1430,0.025595,0.00079,0.026592
1431,0.025944,0.000547,0.026697
1432,0.025461,0.000567,0.026235
1433,0.026492,0.000537,0.027237
1434,0.025874,0.000679,0.026789
1435,0.026027,0.000599,0.026839
1436,0.025535,0.000543,0.026289
1437,0.027583,0.000631,0.028465
1438,0.026314,0.000668,0.027193
1439,0.026282,0.000549,0.027043
1440,0.026243,0.001026,0.027498
1441,0.026869,0.000582,0.027721
1442,0.026736,0.000697,0.027643
1443,0.025736,0.00075,0.026699
1444,0.026599,0.000542,0.027355
1445,0.030358,0.000798,0.031366
1446,0.02725,0.000704,0.028162
1447,0.026686,0.000816,0.027864
1448,0.026588,0.000584,0.027384
1449,0.026613,0.000723,0.027545
1450,0.026454,0.000707,0.027371
1451,0.026295,0.000596,0.027101
1452,0.026361,0.00057,0.027142
1453,0.026219,0.020967,0.04774
1454,0.050591,0.001485,0.052553
1455,0.038143,0.000584,0.038999
1456,0.026001,0.000603,0.026816
1457,0.025932,0.000867,0.027033
1458,0.025965,0.000851,0.027085
1459,0.027111,0.000594,0.02792
1460,0.030882,0.000604,0.031715
1461,0.026067,0.000714,0.026997
1462,0.025742,0.000807,0.026775
1463,0.026377,0.000566,0.027155
1464,0.025873,0.000539,0.026624
1465,0.025832,0.000552,0.026597
1466,0.026049,0.001255,0.027524
1467,0.026239,0.00055,0.027003
1468,0.02605,0.000926,0.027191
1469,0.026198,0.000775,0.027185
1470,0.026929,0.000635,0.027774
1471,0.026294,0.000535,0.02704
1472,0.026558,0.00055,0.02732
1473,0.026317,0.000565,0.027093
1474,0.025699,0.000692,0.026618
1475,0.027064,0.000558,0.02788
1476,0.026383,0.000547,0.027139
1477,0.028448,0.000727,0.029389
1478,0.026625,0.000805,0.027648
1479,0.026295,0.000554,0.027059
1480,0.025917,0.000547,0.026793
1481,0.026027,0.000688,0.026926
1482,0.026104,0.000736,0.02705
1483,0.026452,0.000581,0.027247
1484,0.026113,0.000575,0.026962
1485,0.026033,0.001174,0.02742
1486,0.063894,0.001439,0.066009
1487,0.039512,0.000852,0.040804
1488,0.026309,0.001038,0.027561
1489,0.026055,0.000707,0.026975
1490,0.02617,0.000922,0.027307
1491,0.026159,0.000746,0.027146
1492,0.028306,0.000611,0.029175
1493,0.026641,0.00096,0.027843
1494,0.026471,0.000699,0.027385
1495,0.02603,0.00057,0.026815
1496,0.027697,0.000656,0.028569
1497,0.02763,0.000582,0.02843
1498,0.027667,0.000775,0.028785
1499,0.027354,0.000548,0.028115
1500,0.027604,0.000761,0.028578
1501,0.027817,0.000664,0.028744
1502,0.027889,0.000704,0.028918
1503,0.027292,0.000547,0.028052
1504,0.027233,0.000703,0.028149
1505,0.027228,0.000553,0.027995
1506,0.027621,0.001043,0.028877
1507,0.028077,0.000556,0.028848
1508,0.02836,0.000657,0.02933
1509,0.030135,0.001486,0.032196
1510,0.027761,0.000889,0.029027
1511,0.026813,0.00055,0.027627
1512,0.026504,0.00053,0.027296
1513,0.026605,0.000502,0.027354
1514,0.026359,0.00066,0.027261
1515,0.026233,0.000492,0.026968
1516,0.026191,0.000627,0.027064
1517,0.048203,0.001363,0.050258
1518,0.043073,0.001048,0.044755
1519,0.029203,0.000698,0.030408
1520,0.027151,0.000502,0.027911
1521,0.026387,0.000765,0.027417
1522,0.027208,0.000829,0.028284
1523,0.026879,0.000692,0.027817
1524,0.031108,0.000498,0.03186
1525,0.026584,0.000899,0.027727
1526,0.026674,0.000901,0.027984
1527,0.026272,0.0005,0.027031
1528,0.02625,0.000461,0.026957
1529,0.026247,0.000481,0.027012
1530,0.026322,0.000612,0.027178
1531,0.026376,0.000467,0.027089
1532,0.026477,0.00049,0.027214
1533,0.026191,0.000653,0.027088
1534,0.026424,0.000608,0.027276
1535,0.026307,0.000484,0.027033
1536,0.026422,0.000462,0.027128
1537,0.026497,0.000498,0.02724
1538,0.02631,0.000768,0.027323
1539,0.02615,0.000463,0.026859
1540,0.026112,0.000487,0.026843
1541,0.026382,0.00062,0.027246
1542,0.028156,0.000911,0.029365
1543,0.026752,0.000603,0.02766
1544,0.026248,0.000599,0.027115
1545,0.026752,0.000475,0.027473
1546,0.026692,0.000599,0.027533
1547,0.026997,0.000629,0.027867
1548,0.027008,0.000498,0.027766
1549,0.026637,0.00094,0.027827
1550,0.061241,0.001179,0.063037
1551,0.042041,0.000863,0.043522
1552,0.033163,0.000499,0.034003
1553,0.059257,0.000722,0.060545
1554,0.027118,0.000909,0.028413
1555,0.03017,0.000487,0.030927
1556,0.026903,0.000468,0.027615
1557,0.026695,0.000742,0.027679
1558,0.027372,0.000595,0.028212
1559,0.026999,0.000569,0.027821
1560,0.027457,0.000542,0.028382
1561,0.027117,0.000614,0.027975
1562,0.027013,0.000656,0.027942
1563,0.027331,0.000677,0.028253
1564,0.0274,0.000556,0.028205
1565,0.026819,0.000636,0.027701
1566,0.026979,0.000562,0.027785
1567,0.027157,0.000463,0.027866
1568,0.026738,0.000453,0.027434
1569,0.026668,0.000489,0.027399
1570,0.026694,0.000459,0.027399
1571,0.026594,0.000453,0.027295
1572,0.028824,0.000728,0.029797
1573,0.026483,0.000644,0.027371
1574,0.026634,0.000601,0.027478
1575,0.026758,0.000467,0.027466
1576,0.026635,0.000635,0.027517
1577,0.02704,0.000531,0.027883
1578,0.027045,0.000573,0.027879
1579,0.026732,0.000474,0.027461
1580,0.05141,0.00119,0.053299
1581,0.046089,0.000996,0.047661
1582,0.036522,0.00076,0.037627
1583,0.026769,0.00049,0.027512
1584,0.026836,0.000454,0.02754
1585,0.026991,0.00047,0.027704
1586,0.026838,0.000462,0.027543
1587,0.03046,0.000463,0.031178
1588,0.026729,0.000509,0.027502
1589,0.026995,0.00067,0.028049
1590,0.026867,0.000652,0.027772
1591,0.026646,0.000497,0.027385
1592,0.026545,0.000489,0.027282
1593,0.027839,0.001264,0.029461
1594,0.02575,0.001197,0.027492
1595,0.025594,0.00065,0.026573
1596,0.024271,0.000468,0.025046
1597,0.024085,0.000602,0.024982
1598,0.024681,0.000597,0.02559
1599,0.024612,0.000639,0.025551
1600,0.024157,0.000462,0.024932
1601,0.024014,0.000631,0.024939
1602,0.023692,0.000457,0.024437
1603,0.023964,0.000455,0.02471
1604,0.023983,0.000456,0.02473
1605,0.02632,0.000627,0.027244
1606,0.023999,0.00058,0.02488
1607,0.024124,0.000462,0.024877
1608,0.024183,0.00054,0.025021
1609,0.024242,0.000567,0.025099
1610,0.024081,0.000686,0.025178
1611,0.0243,0.000484,0.025202
1612,0.024506,0.00048,0.025298
1613,0.02421,0.000667,0.025176
1614,0.058021,0.001482,0.060186
1615,0.041729,0.000963,0.043388
1616,0.027016,0.000501,0.027953
1617,0.024482,0.000478,0.025268
1618,0.024484,0.000724,0.025511
1619,0.024266,0.000492,0.025059
1620,0.02413,0.0006,0.025033
1621,0.028017,0.000714,0.02905
1622,0.024,0.000671,0.025006
1623,0.024634,0.00051,0.025433
1624,0.024302,0.000489,0.025084
1625,0.024116,0.000461,0.024874
1626,0.024094,0.000492,0.02491
1627,0.024296,0.000578,0.025175
1628,0.024374,0.000503,0.025315
1629,0.024287,0.000635,0.025223
1630,0.024317,0.001229,0.025914
1631,0.02089,0.000809,0.022023
1632,0.018391,0.000484,0.019116
1633,0.017642,0.00045,0.018292
1634,0.017416,0.000438,0.018055
1635,0.017397,0.000451,0.018047
1636,0.017391,0.000437,0.01803
1637,0.017706,0.00044,0.018347
1638,0.017219,0.00048,0.017898
1639,0.017276,0.000439,0.017916
1640,0.017239,0.000447,0.017887
1641,0.017311,0.000453,0.017969
1642,0.019633,0.000434,0.020272
1643,0.017296,0.000451,0.017949
1644,0.017252,0.000441,0.017896
1645,0.017259,0.000443,0.017901
1646,0.017355,0.000524,0.018083
1647,0.017305,0.000463,0.018011
1648,0.017402,0.000453,0.018054
1649,0.0173,0.00044,0.01794
1650,0.017101,0.000453,0.017755
1651,0.017311,0.000435,0.017949
1652,0.017368,0.000453,0.018023
1653,0.017369,0.000436,0.018005
1654,0.017289,0.000439,0.017926
1655,0.052653,0.000992,0.054242
1656,0.029916,0.000853,0.031175
1657,0.019841,0.000463,0.020539
1658,0.01733,0.000447,0.017978
1659,0.017246,0.00044,0.017906
1660,0.01724,0.000456,0.017894
1661,0.017389,0.000438,0.018025
1662,0.017377,0.000452,0.01803
1663,0.017361,0.000634,0.018199
1664,0.017729,0.000492,0.018466
1665,0.021681,0.000464,0.022354
1666,0.017353,0.000447,0.018007
1667,0.017392,0.000438,0.018031
1668,0.017402,0.000438,0.018065
1669,0.017501,0.00044,0.018139
1670,0.017402,0.000438,0.018039
1671,0.017305,0.000448,0.017953
1672,0.017372,0.000446,0.018018
1673,0.017343,0.000446,0.018009
1674,0.017473,0.000442,0.018115
1675,0.017427,0.000448,0.018074
1676,0.017369,0.000435,0.018004
1677,0.017391,0.000449,0.018038
1678,0.017348,0.000444,0.017991
1679,0.017336,0.000441,0.017975
1680,0.017235,0.000503,0.017942
1681,0.017383,0.00046,0.018068
1682,0.017223,0.000436,0.017856
1683,0.017355,0.00047,0.018026
1684,0.017223,0.000447,0.01787
1685,0.017259,0.000447,0.017909
1686,0.017256,0.000449,0.017908
1687,0.017448,0.000449,0.018099
1688,0.017409,0.00045,0.018057
1689,0.017337,0.000437,0.017975
1690,0.020075,0.000447,0.020727
1691,0.017299,0.000448,0.017946
1692,0.017464,0.000447,0.018112
1693,0.017448,0.000435,0.018083
1694,0.017261,0.000446,0.017907
1695,0.017292,0.000444,0.017936
1696,0.017163,0.00044,0.017805
1697,0.017682,0.000506,0.018398
1698,0.017459,0.000478,0.018162
1699,0.017374,0.000434,0.018009
1700,0.017224,0.00044,0.017866
1701,0.017173,0.00045,0.017822
1702,0.037526,0.000872,0.039025
1703,0.03296,0.000683,0.034054
1704,0.02938,0.000604,0.030319
1705,0.027822,0.000452,0.028515
1706,0.045268,0.000698,0.046495
1707,0.020014,0.000476,0.020727
1708,0.017525,0.000448,0.018175
1709,0.017397,0.000443,0.018043
1710,0.021055,0.000454,0.021731
1711,0.01734,0.000447,0.017995
1712,0.01739,0.000444,0.018034
1713,0.017325,0.000446,0.01798
1714,0.017235,0.000611,0.018052
1715,0.017367,0.000488,0.018107
1716,0.017285,0.000442,0.017929
1717,0.017407,0.000445,0.018055
1718,0.017295,0.000442,0.017935
1719,0.017736,0.000442,0.018381
1720,0.017389,0.000449,0.018038
1721,0.017385,0.00045,0.018038
1722,0.017328,0.000589,0.018118
1723,0.017685,0.00045,0.018338
1724,0.017375,0.000457,0.018031
1725,0.017248,0.000443,0.017909
1726,0.017349,0.000453,0.018
1727,0.017322,0.00044,0.017966
1728,0.017405,0.000453,0.018056
1729,0.017265,0.000446,0.017912
1730,0.017301,0.000678,0.018188
1731,0.017427,0.000457,0.018119
1732,0.017366,0.000444,0.018009
1733,0.017395,0.00045,0.018055
1734,0.01735,0.000443,0.017993
1735,0.017287,0.000454,0.017939
1736,0.018498,0.000457,0.019185
1737,0.017382,0.000455,0.018037
1738,0.017405,0.00045,0.018056
1739,0.017845,0.000443,0.018487
1740,0.017818,0.000439,0.018459
1741,0.01766,0.000451,0.018312
1742,0.017407,0.000451,0.018057
1743,0.017358,0.000455,0.01801
1744,0.01745,0.000449,0.018102
1745,0.017404,0.00044,0.018044
1746,0.017374,0.000546,0.018124
1747,0.017573,0.000461,0.018264
1748,0.05091,0.000875,0.052386
1749,0.030993,0.000744,0.032149
1750,0.028282,0.000459,0.029018
1751,0.01728,0.000445,0.017936
1752,0.01728,0.000444,0.017925
1753,0.017208,0.000453,0.017862
1754,0.017244,0.000452,0.017896
1755,0.017333,0.000455,0.017989
1756,0.017254,0.000452,0.017906
1757,0.017261,0.000451,0.01791
1758,0.017411,0.000444,0.018055
1759,0.017227,0.000454,0.017885
1760,0.017369,0.000438,0.018014
1761,0.017291,0.000447,0.017944
1762,0.017278,0.000616,0.018103
1763,0.017311,0.000476,0.018052
1764,0.017275,0.000466,0.017948
1765,0.017174,0.000442,0.017821
1766,0.017041,0.000454,0.017701
1767,0.017122,0.000449,0.017777
1768,0.017269,0.000452,0.01793
1769,0.017252,0.000442,0.017899
1770,0.01715,0.000453,0.01781
1771,0.017218,0.000444,0.017865
1772,0.017346,0.000452,0.018004
1773,0.01709,0.00045,0.017747
1774,0.017181,0.000452,0.01784
1775,0.017254,0.000454,0.017914
1776,0.017275,0.00045,0.017927
1777,0.017772,0.000451,0.018431
1778,0.017539,0.000498,0.018243
1779,0.017198,0.000465,0.017902
1780,0.017122,0.000453,0.01778
1781,0.017153,0.00045,0.017811
1782,0.017094,0.000443,0.017737
1783,0.019515,0.000449,0.020169
1784,0.017194,0.000448,0.017845
1785,0.017325,0.000452,0.017973
1786,0.017118,0.000455,0.017772
1787,0.017139,0.000443,0.01778
1788,0.017304,0.000442,0.017945
1789,0.017408,0.000449,0.018055
1790,0.017331,0.000456,0.017986
1791,0.017295,0.000471,0.017967
1792,0.017322,0.000439,0.017964
1793,0.017282,0.000449,0.017929
1794,0.01714,0.00049,0.017832
1795,0.017208,0.00046,0.017898
1796,0.050088,0.000957,0.051687
1797,0.031023,0.000779,0.032171
1798,0.025652,0.00045,0.026383
1799,0.017212,0.000443,0.01786
1800,0.017316,0.000453,0.017972
1801,0.017248,0.000449,0.017895
1802,0.017183,0.00045,0.017832
1803,0.017218,0.00045,0.017867
1804,0.029618,0.000461,0.030308
1805,0.020629,0.000444,0.021274
1806,0.017064,0.000451,0.017714
1807,0.017138,0.00045,0.017779
1808,0.01702,0.000446,0.017667
1809,0.017226,0.000448,0.017873
1810,0.017198,0.00062,0.018025
1811,0.017289,0.000487,0.018042
1812,0.017219,0.000452,0.017872
1813,0.017106,0.000444,0.017751
1814,0.017125,0.000453,0.017777
1815,0.017185,0.000453,0.017837
1816,0.017275,0.000452,0.017927
1817,0.017138,0.00045,0.017788
1818,0.01738,0.000452,0.018031
1819,0.017033,0.00044,0.017672
1820,0.017341,0.000452,0.017989
1821,0.017119,0.000454,0.017772
1822,0.017288,0.000441,0.01793
1823,0.017153,0.000439,0.017792
1824,0.017137,0.000439,0.017774
1825,0.017594,0.000707,0.018502
1826,0.019445,0.000589,0.020241
1827,0.018664,0.000461,0.019351
1828,0.018356,0.000504,0.01906
1829,0.018441,0.000447,0.019089
1830,0.0207,0.000457,0.021363
1831,0.018446,0.000456,0.019102
1832,0.018737,0.000473,0.01941
1833,0.018629,0.000446,0.019274
1834,0.018373,0.000458,0.01903
1835,0.018433,0.000458,0.019089
1836,0.018294,0.000459,0.018953
1837,0.01832,0.000457,0.018979
1838,0.018177,0.000445,0.018823
1839,0.018337,0.000458,0.018995
1840,0.018463,0.00046,0.019125
1841,0.018423,0.000473,0.019098
1842,0.050112,0.001153,0.051892
1843,0.034031,0.000875,0.035274
1844,0.018472,0.000471,0.019164
1845,0.01828,0.000459,0.018942
1846,0.019179,0.000455,0.019837
1847,0.018586,0.000446,0.019234
1848,0.018564,0.000447,0.019216
1849,0.024436,0.000855,0.025552
1850,0.023565,0.000614,0.024404
1851,0.026481,0.000574,0.027274
1852,0.022653,0.000588,0.023449
1853,0.022593,0.000574,0.023369
1854,0.02237,0.000569,0.023154
1855,0.022357,0.000488,0.023049
1856,0.022521,0.00049,0.023213
1857,0.022472,0.00049,0.023164
1858,0.022255,0.000589,0.023062
1859,0.022455,0.000495,0.02318
1860,0.022512,0.000495,0.023208
1861,0.022397,0.000487,0.023087
1862,0.022844,0.000491,0.023537
1863,0.022563,0.000488,0.023253
1864,0.022349,0.00049,0.023038
1865,0.022363,0.000492,0.023059
1866,0.02258,0.000494,0.023276
1867,0.022469,0.000489,0.023162
1868,0.022386,0.000489,0.023078
1869,0.022452,0.000489,0.023141
1870,0.022464,0.000488,0.023151
1871,0.024622,0.000491,0.025324
1872,0.022593,0.000494,0.023296
1873,0.022327,0.000497,0.023027
1874,0.022654,0.0007,0.023561
1875,0.022942,0.000503,0.023672
1876,0.022702,0.000488,0.023392
1877,0.022482,0.000492,0.02318
1878,0.022756,0.00051,0.023473
1879,0.022825,0.000491,0.023519
1880,0.022289,0.000489,0.022983
1881,0.057053,0.001107,0.058803
1882,0.038971,0.000879,0.040254
1883,0.024056,0.000505,0.024801
1884,0.050787,0.00078,0.052113
1885,0.024596,0.000507,0.025353
1886,0.022347,0.000493,0.023048
1887,0.025828,0.000502,0.026558
1888,0.022349,0.000492,0.023047
1889,0.022254,0.000493,0.022952
1890,0.022304,0.000637,0.023155
1891,0.022338,0.000527,0.02314
1892,0.023385,0.000767,0.024415
1893,0.022508,0.000529,0.023247
1894,0.021975,0.000508,0.022687
1895,0.021893,0.000501,0.022602
1896,0.021782,0.000494,0.0225
1897,0.021626,0.000491,0.022325
1898,0.021645,0.000493,0.022346
1899,0.022277,0.000495,0.022979
1900,0.022478,0.000491,0.023177
1901,0.022147,0.000493,0.022846
1902,0.022203,0.000491,0.022904
1903,0.022165,0.000492,0.022863
1904,0.02233,0.000491,0.023027
1905,0.022182,0.000496,0.022885
1906,0.022232,0.000555,0.02302
1907,0.022346,0.000507,0.023105
1908,0.023839,0.000493,0.024538
1909,0.021689,0.000504,0.022402
1910,0.02165,0.000633,0.022488
1911,0.021635,0.000489,0.02233
1912,0.021714,0.0005,0.022421
1913,0.022534,0.000499,0.02324
1914,0.022188,0.000496,0.022891
1915,0.022266,0.000503,0.022978
1916,0.022199,0.000496,0.022906
1917,0.022153,0.000503,0.022864
1918,0.058584,0.001147,0.060385
1919,0.038422,0.000858,0.039668
1920,0.025175,0.000514,0.025935
1921,0.022133,0.000507,0.022851
1922,0.021902,0.000662,0.022803
1923,0.022579,0.000551,0.023402
1924,0.022505,0.000506,0.023222
1925,0.02225,0.0005,0.022953
1926,0.022339,0.000513,0.023066
1927,0.022213,0.000503,0.022923
1928,0.022049,0.000696,0.022949
1929,0.022087,0.000542,0.022829
1930,0.022215,0.00056,0.022976
1931,0.022131,0.000539,0.022871
1932,0.022005,0.000492,0.022701
1933,0.022181,0.000548,0.022933
1934,0.022222,0.000539,0.022961
1935,0.022068,0.000521,0.022791
1936,0.021957,0.000489,0.022648
1937,0.022116,0.000496,0.022815
1938,0.022139,0.000536,0.022909
1939,0.02214,0.000501,0.022884
1940,0.023345,0.00075,0.024318
1941,0.023163,0.000712,0.024114
1942,0.022186,0.000612,0.023002
1943,0.021883,0.000544,0.022634
1944,0.021761,0.000518,0.0225
1945,0.021748,0.000495,0.022447
1946,0.024539,0.000656,0.025412
1947,0.021633,0.0005,0.022341
1948,0.021644,0.000495,0.022344
1949,0.021702,0.000502,0.022408
1950,0.022027,0.000572,0.022804
1951,0.022003,0.000512,0.022717
1952,0.02177,0.000533,0.022505
1953,0.023398,0.000632,0.024232
1954,0.022731,0.000577,0.023514
1955,0.022575,0.000601,0.023394
1956,0.057569,0.00125,0.05947
1957,0.03959,0.000919,0.040923
1958,0.023228,0.000531,0.023965
1959,0.022606,0.000722,0.023539
1960,0.022599,0.000644,0.023452
1961,0.022973,0.000538,0.023723
1962,0.023025,0.000526,0.023758
1963,0.022858,0.00054,0.02361
1964,0.023047,0.00052,0.023782
1965,0.025044,0.000696,0.025988
1966,0.022713,0.000635,0.023586
1967,0.022438,0.000596,0.023252
1968,0.022192,0.000516,0.022924
1969,0.023462,0.000563,0.024272
1970,0.022035,0.000544,0.022817
1971,0.02203,0.0005,0.022739
1972,0.021885,0.000648,0.022769
1973,0.022024,0.000563,0.022852
1974,0.022485,0.000508,0.023202
1975,0.021899,0.000507,0.022616
1976,0.021916,0.000506,0.022635
1977,0.022038,0.000505,0.022757
1978,0.023145,0.000748,0.024254
1979,0.022232,0.000831,0.023327
1980,0.023004,0.001248,0.024492
1981,0.022489,0.000653,0.023359
1982,0.025254,0.000548,0.026022
1983,0.022524,0.00051,0.023251
1984,0.022333,0.00068,0.023222
1985,0.022632,0.000543,0.023381
1986,0.022578,0.000512,0.023297
1987,0.022322,0.000538,0.023068
1988,0.022353,0.000512,0.023071
1989,0.02389,0.00063,0.024734
1990,0.02279,0.00053,0.023556
1991,0.046374,0.001138,0.048139
1992,0.040668,0.000857,0.041949
1993,0.028794,0.000583,0.029654
1994,0.024214,0.000565,0.025041
1995,0.022207,0.00071,0.02313
1996,0.021861,0.000686,0.022762
1997,0.021199,0.00085,0.022263
1998,0.021285,0.00079,0.022294
1999,0.021535,0.00464,0.02641
2000,0.021642,0.000559,0.022413
2001,0.021135,0.000513,0.02186
2002,0.021363,0.000514,0.022082
2003,0.021679,0.00066,0.022545
2004,0.021399,0.000513,0.02212
2005,0.021192,0.000512,0.021909
2006,0.021528,0.000745,0.022499
2007,0.022372,0.000639,0.023302
2008,0.024224,0.000588,0.025024
2009,0.024045,0.001063,0.025338
2010,0.022738,0.000616,0.02356
2011,0.021967,0.000593,0.022767
2012,0.021885,0.00053,0.022623
2013,0.021743,0.000542,0.022492
2014,0.021824,0.000582,0.022619
2015,0.022268,0.000671,0.023176
2016,0.021235,0.000755,0.022219
2017,0.021019,0.000743,0.021981
2018,0.020935,0.000939,0.022082
2019,0.021233,0.000554,0.022029
2020,0.023292,0.000598,0.024101
2021,0.021106,0.000614,0.021955
2022,0.023019,0.000976,0.024237
2023,0.021664,0.000657,0.022561
2024,0.021215,0.000572,0.022053
2025,0.021455,0.000534,0.022206
2026,0.021303,0.000546,0.022069
2027,0.021222,0.000566,0.021997
2028,0.021572,0.000621,0.022402
2029,0.021426,0.00063,0.022267
2030,0.048926,0.001078,0.050661
2031,0.040496,0.001568,0.042537
2032,0.036169,0.000994,0.037465
2033,0.051053,0.000914,0.05251
2034,0.025616,0.000658,0.026562
2035,0.022335,0.000836,0.023425
2036,0.027393,0.000892,0.028501
2037,0.023577,0.000911,0.024701
2038,0.023124,0.000603,0.023938
2039,0.022969,0.000544,0.023723
2040,0.022928,0.000787,0.023964
2041,0.023948,0.001161,0.025426
2042,0.023589,0.0006,0.02443
2043,0.023032,0.000582,0.023824
2044,0.023171,0.000545,0.023924
2045,0.022864,0.0006,0.023687
2046,0.022872,0.000572,0.023651
2047,0.024038,0.000538,0.024819
2048,0.026598,0.000594,0.027399
2049,0.023587,0.000589,0.024387
2050,0.023523,0.000596,0.024338
2051,0.023318,0.000556,0.02408
2052,0.023319,0.000546,0.024073
2053,0.023552,0.000646,0.024409
2054,0.023237,0.001114,0.02456
2055,0.027352,0.000853,0.028488
2056,0.022949,0.000818,0.023988
2057,0.025193,0.000598,0.026036
2058,0.023731,0.00056,0.024541
2059,0.023475,0.000573,0.024256
2060,0.023483,0.001105,0.024799
2061,0.025471,0.000567,0.026249
2062,0.023516,0.000544,0.024268
2063,0.025188,0.00054,0.025935
2064,0.047432,0.001203,0.049297
2065,0.043194,0.000847,0.044513
2066,0.032721,0.000555,0.033612
2067,0.023541,0.000844,0.024596
2068,0.023406,0.000617,0.024374
2069,0.023796,0.00058,0.024587
2070,0.023563,0.000536,0.02431
2071,0.024416,0.000557,0.025186
2072,0.02824,0.000674,0.029123
2073,0.024375,0.000873,0.02546
2074,0.025501,0.001302,0.027122
2075,0.02518,0.000951,0.026393
2076,0.02481,0.000753,0.02577
2077,0.024607,0.000546,0.025363
2078,0.024736,0.000624,0.025572
2079,0.024636,0.000903,0.025748
2080,0.02464,0.000561,0.025412
2081,0.024496,0.000555,0.025262
2082,0.024586,0.000543,0.025338
2083,0.0244,0.000541,0.02515
2084,0.0246,0.000543,0.025353
2085,0.02496,0.000569,0.025742
2086,0.024913,0.000557,0.025679
2087,0.024776,0.000547,0.025534
2088,0.024439,0.000546,0.025196
2089,0.024502,0.000535,0.025245
2090,0.029832,0.000554,0.030611
2091,0.025594,0.000677,0.026485
2092,0.025247,0.00096,0.026453
2093,0.025287,0.000874,0.026384
2094,0.025355,0.00083,0.026556
2095,0.025255,0.000558,0.026152
2096,0.025301,0.000548,0.026056
2097,0.025136,0.000543,0.025886
2098,0.025,0.001202,0.026411
2099,0.067122,0.00154,0.069336
2100,0.039709,0.000609,0.040723
2101,0.025141,0.000567,0.025943
2102,0.024917,0.000552,0.025694
2103,0.024906,0.000548,0.02569
2104,0.024453,0.000555,0.025232
2105,0.024612,0.000563,0.025397
2106,0.029503,0.000606,0.030366
2107,0.025046,0.000552,0.025819
2108,0.024527,0.000684,0.025439
2109,0.026548,0.000668,0.027486
2110,0.024153,0.000618,0.025002
2111,0.023929,0.000905,0.025049
2112,0.023955,0.000996,0.02517
2113,0.023898,0.001058,0.025172
2114,0.024114,0.000575,0.024902
2115,0.023821,0.00059,0.024625
2116,0.02377,0.000578,0.024563
2117,0.024006,0.001057,0.025285
2118,0.023924,0.000559,0.024693
2119,0.023901,0.000561,0.024677
2120,0.024452,0.000542,0.025205
2121,0.02389,0.00071,0.024811
2122,0.024642,0.000558,0.025406
2123,0.024214,0.000679,0.025103
2124,0.026309,0.00056,0.027084
2125,0.024044,0.00066,0.024932
2126,0.023904,0.000572,0.024726
2127,0.024036,0.00056,0.024808
2128,0.024091,0.000562,0.024863
2129,0.023923,0.000616,0.024749
2130,0.023751,0.000886,0.024847
2131,0.023788,0.000744,0.024742
2132,0.023656,0.00083,0.024697
2133,0.045493,0.001244,0.047347
2134,0.043981,0.001132,0.045548
2135,0.025374,0.000546,0.026173
2136,0.023702,0.000965,0.024879
2137,0.023746,0.000564,0.02452
2138,0.024377,0.000561,0.025151
2139,0.023927,0.000598,0.024735
2140,0.02378,0.000569,0.024557
2141,0.026882,0.000586,0.027692
2142,0.023251,0.00078,0.024345
2143,0.024914,0.001093,0.026549
2144,0.022919,0.001021,0.02427
2145,0.022017,0.000569,0.022867
2146,0.021566,0.000517,0.02236
2147,0.021656,0.000519,0.022435
2148,0.021632,0.000594,0.022506
2149,0.021857,0.000718,0.022831
2150,0.022041,0.000733,0.023031
2151,0.021953,0.000901,0.023111
2152,0.022139,0.000555,0.022971
2153,0.021921,0.000518,0.022694
2154,0.022208,0.000516,0.022981
2155,0.022349,0.000946,0.023554
2156,0.02212,0.000535,0.022907
2157,0.02206,0.000774,0.023084
2158,0.021946,0.000509,0.022694
2159,0.021863,0.000605,0.02272
2160,0.022156,0.000596,0.023133
2161,0.024168,0.000548,0.024989
2162,0.022628,0.000663,0.023528
2163,0.023069,0.000524,0.023851
2164,0.022332,0.000705,0.023275
2165,0.022429,0.000522,0.023192
2166,0.022506,0.000645,0.023388
2167,0.02268,0.000592,0.023513
2168,0.022489,0.000695,0.023438
2169,0.023459,0.000664,0.024363
2170,0.024545,0.000844,0.025643
2171,0.059253,0.001149,0.061076
2172,0.036493,0.000553,0.037518
2173,0.023268,0.000547,0.024097
2174,0.050905,0.001307,0.052778
2175,0.025488,0.000539,0.026421
2176,0.023126,0.000653,0.024063
2177,0.030483,0.00056,0.031449
2178,0.023249,0.00052,0.024076
2179,0.023183,0.000518,0.023946
2180,0.023129,0.000626,0.024011
2181,0.023015,0.000642,0.023899
2182,0.023516,0.000511,0.02427
2183,0.023403,0.000503,0.024148
2184,0.023537,0.000504,0.024283
2185,0.023511,0.000516,0.02427
2186,0.023579,0.000529,0.024351
2187,0.023655,0.000661,0.024555
2188,0.023455,0.000679,0.024378
2189,0.023375,0.000912,0.02453
2190,0.024458,0.000548,0.025277
2191,0.023893,0.000529,0.02466
2192,0.023773,0.000531,0.024548
2193,0.023721,0.000741,0.024706
2194,0.023492,0.001444,0.025282
2195,0.019765,0.000823,0.020905
2196,0.020373,0.000603,0.021218
2197,0.017772,0.000487,0.018461
2198,0.01741,0.000472,0.018084
2199,0.017336,0.000472,0.018009
2200,0.017351,0.000456,0.018008
2201,0.017378,0.000471,0.018051
2202,0.017589,0.00047,0.018275
2203,0.01731,0.00047,0.017985
2204,0.017182,0.000464,0.017846
2205,0.017326,0.000464,0.017993
2206,0.01722,0.000474,0.017895
2207,0.017369,0.00047,0.018042
2208,0.039822,0.000881,0.041334
2209,0.032416,0.000812,0.033669
2210,0.030545,0.000677,0.031559
2211,0.017411,0.000518,0.018198
2212,0.01722,0.000475,0.017896
2213,0.017334,0.000473,0.018009
2214,0.017235,0.00046,0.017895
2215,0.017343,0.000476,0.018021
2216,0.017383,0.000476,0.018059
2217,0.01724,0.000473,0.017912
2218,0.021161,0.000468,0.021837
2219,0.017401,0.000466,0.018069
2220,0.017373,0.00047,0.018045
2221,0.017344,0.00047,0.018015
2222,0.017268,0.000466,0.017935
2223,0.01736,0.000473,0.018034
2224,0.017437,0.000476,0.018115
2225,0.017167,0.000483,0.01785
2226,0.017484,0.000478,0.018166
2227,0.017134,0.000506,0.017869
2228,0.01728,0.000481,0.018006
2229,0.017313,0.000479,0.017994
2230,0.017239,0.000466,0.017904
2231,0.017351,0.000476,0.018029
2232,0.017184,0.000467,0.017852
2233,0.017449,0.000474,0.018123
2234,0.017213,0.000457,0.017869
2235,0.017354,0.000474,0.018029
2236,0.017386,0.000461,0.018048
2237,0.017315,0.00047,0.017983
2238,0.017229,0.000468,0.017897
2239,0.017389,0.000475,0.018064
2240,0.017348,0.000476,0.018025
2241,0.01727,0.000475,0.017946
2242,0.017229,0.000477,0.017905
2243,0.017426,0.000472,0.018098
2244,0.019551,0.00051,0.020278
2245,0.017262,0.000479,0.017985
2246,0.017392,0.000476,0.018066
2247,0.017317,0.000469,0.017984
2248,0.017552,0.000477,0.01823
2249,0.017406,0.000474,0.018082
2250,0.017516,0.00046,0.018175
2251,0.0172,0.000473,0.017878
2252,0.017495,0.00047,0.018164
2253,0.017483,0.000469,0.018154
2254,0.01727,0.000461,0.017933
2255,0.017405,0.000471,0.018079
2256,0.040336,0.000961,0.041931
2257,0.031848,0.000751,0.033043
2258,0.026749,0.00049,0.027638
2259,0.017331,0.000465,0.017995
2260,0.017356,0.000476,0.018031
2261,0.017431,0.000623,0.018295
2262,0.017474,0.000502,0.018242
2263,0.017143,0.000459,0.017803
2264,0.017319,0.00046,0.01798
2265,0.017274,0.000459,0.01793
2266,0.020886,0.000456,0.02155
2267,0.017384,0.000462,0.018053
2268,0.017328,0.000463,0.017998
2269,0.01736,0.000451,0.018016
2270,0.017345,0.00046,0.018012
2271,0.017497,0.000453,0.018159
2272,0.017301,0.000463,0.017972
2273,0.017305,0.000444,0.017948
2274,0.017271,0.000456,0.017927
2275,0.017273,0.00046,0.017932
2276,0.017267,0.000462,0.01793
2277,0.01745,0.000462,0.018118
2278,0.017191,0.000506,0.017902
2279,0.017383,0.000474,0.018085
2280,0.017296,0.000458,0.017952
2281,0.017265,0.000462,0.01793
2282,0.017233,0.00046,0.017893
2283,0.017208,0.000458,0.017868
2284,0.017205,0.00046,0.017865
2285,0.017224,0.000461,0.017883
2286,0.01723,0.000456,0.017887
2287,0.017246,0.000444,0.017891
2288,0.01719,0.000462,0.017853
2289,0.017299,0.000463,0.017966
2290,0.017247,0.000464,0.017913
2291,0.017152,0.000446,0.017797
2292,0.019436,0.000447,0.020089
2293,0.017127,0.000456,0.017783
2294,0.017195,0.000506,0.017905
2295,0.017283,0.000465,0.017975
2296,0.017348,0.000456,0.018005
2297,0.017323,0.000453,0.017976
2298,0.017263,0.000466,0.017928
2299,0.017231,0.000567,0.017998
2300,0.017054,0.00046,0.017715
2301,0.017288,0.000472,0.017962
2302,0.01791,0.000511,0.018626
2303,0.017615,0.000496,0.018307
2304,0.017333,0.017722,0.035607
2305,0.03411,0.000776,0.035379
2306,0.030403,0.000617,0.031587
2307,0.017421,0.000448,0.018069
2308,0.017382,0.000455,0.018038
2309,0.017254,0.000463,0.017919
2310,0.017284,0.000607,0.018109
2311,0.017438,0.000487,0.018192
2312,0.017281,0.000461,0.017943
2313,0.017212,0.000461,0.01787
2314,0.017342,0.000451,0.017994
2315,0.021211,0.00045,0.021872
2316,0.017595,0.000444,0.018247
2317,0.017473,0.000449,0.018127
2318,0.017352,0.000455,0.018012
2319,0.017347,0.000455,0.018009
2320,0.017358,0.000453,0.018018
2321,0.017293,0.000454,0.017954
2322,0.017281,0.000461,0.017953
2323,0.017383,0.000457,0.018049
2324,0.017356,0.000458,0.018023
2325,0.017285,0.000459,0.017951
2326,0.01726,0.00057,0.01804
2327,0.017477,0.000476,0.018192
2328,0.017383,0.000447,0.018041
2329,0.017693,0.000555,0.018457
2330,0.019039,0.000687,0.019954
2331,0.019559,0.000663,0.020429
2332,0.018951,0.000558,0.019715
2333,0.018491,0.000494,0.019188
2334,0.018362,0.000489,0.019054
2335,0.01824,0.000492,0.018934
2336,0.018236,0.000474,0.01891
2337,0.018369,0.000488,0.019059
2338,0.018274,0.000488,0.018964
2339,0.020562,0.000501,0.021272
2340,0.018462,0.000486,0.01915
2341,0.018344,0.000474,0.019023
2342,0.018365,0.000564,0.019146
2343,0.018435,0.000492,0.019158
2344,0.018357,0.000479,0.019038
2345,0.0185,0.000491,0.019197
2346,0.018644,0.000486,0.019334
2347,0.018385,0.000481,0.019068
2348,0.018474,0.00048,0.019153
2349,0.018483,0.000474,0.01916
2350,0.018287,0.000481,0.018973
2351,0.047098,0.001083,0.048804
2352,0.033705,0.000895,0.03497
2353,0.025966,0.000486,0.026704
2354,0.018345,0.000478,0.019026
2355,0.06888,0.000815,0.070246
2356,0.020562,0.000539,0.021378
2357,0.018759,0.0005,0.019466
2358,0.022398,0.000666,0.02331
2359,0.018835,0.000542,0.019652
2360,0.018563,0.000515,0.019285
2361,0.018551,0.000484,0.019243
2362,0.018884,0.000485,0.01958
2363,0.018656,0.000479,0.019343
2364,0.01846,0.000485,0.019149
2365,0.018436,0.000488,0.01913
2366,0.01846,0.000487,0.019154
2367,0.018415,0.000474,0.019095
2368,0.018474,0.000489,0.01917
2369,0.018924,0.000537,0.019667
2370,0.018775,0.000512,0.019493
2371,0.018691,0.000486,0.019385
2372,0.018693,0.000487,0.019387
2373,0.01868,0.000481,0.019366
2374,0.018715,0.000741,0.019663
2375,0.018687,0.000499,0.019426
2376,0.018748,0.000492,0.019447
2377,0.018928,0.000513,0.019646
2378,0.018733,0.000489,0.01943
2379,0.019042,0.000483,0.019734
2380,0.018805,0.000487,0.019499
2381,0.018921,0.000489,0.019616
2382,0.020025,0.000489,0.020752
2383,0.018934,0.000483,0.019624
2384,0.0188,0.000585,0.019598
2385,0.022263,0.000582,0.023057
2386,0.018919,0.000485,0.019613
2387,0.018859,0.000493,0.019558
2388,0.018663,0.000487,0.019356
2389,0.018755,0.000492,0.019454
2390,0.0187,0.00054,0.019451
2391,0.019047,0.000495,0.019784
2392,0.019457,0.000514,0.020178
2393,0.051749,0.001094,0.053478
2394,0.03219,0.000845,0.033404
2395,0.019189,0.000496,0.019889
2396,0.018996,0.000494,0.019691
2397,0.0186,0.000494,0.019297
2398,0.019048,0.000496,0.019746
2399,0.018844,0.000492,0.01954
2400,0.018725,0.00049,0.019416
2401,0.018686,0.000494,0.019382
2402,0.022304,0.000491,0.023003
2403,0.018987,0.000495,0.019685
2404,0.018912,0.000484,0.019596
2405,0.018619,0.000477,0.019297
2406,0.018714,0.000656,0.019609
2407,0.018766,0.000517,0.019556
2408,0.021187,0.000595,0.022012
2409,0.019314,0.000636,0.020201
2410,0.019239,0.000564,0.020001
2411,0.019171,0.000505,0.019878
2412,0.019067,0.000503,0.019774
2413,0.018826,0.000503,0.019532
2414,0.020252,0.000501,0.020956
2415,0.019778,0.000509,0.020491
2416,0.019893,0.000504,0.020631
2417,0.019693,0.000503,0.020398
2418,0.019539,0.000505,0.020248
2419,0.019548,0.000505,0.020256
2420,0.019487,0.000497,0.020185
2421,0.019616,0.000495,0.020314
2422,0.019387,0.000578,0.020178
2423,0.019701,0.000576,0.02054
2424,0.019447,0.000561,0.02021
2425,0.020731,0.001129,0.022139
2426,0.019472,0.000498,0.020175
2427,0.019544,0.0005,0.020252
2428,0.019591,0.0005,0.020292
2429,0.019485,0.000499,0.020187
2430,0.019393,0.0005,0.020094
2431,0.019594,0.000498,0.020294
2432,0.019519,0.000491,0.020213
2433,0.021926,0.001026,0.023192
2434,0.021277,0.000551,0.022069
2435,0.020956,0.000527,0.021703
2436,0.045063,0.001046,0.046793
2437,0.039238,0.000886,0.040555
2438,0.027417,0.000686,0.028419
2439,0.021108,0.000528,0.0219
2440,0.020833,0.000507,0.021544
2441,0.020872,0.000507,0.021584
2442,0.020753,0.0005,0.021458
2443,0.020788,0.000505,0.021496
2444,0.020342,0.000562,0.021135
2445,0.02467,0.000643,0.025559
2446,0.020505,0.000517,0.021225
2447,0.02057,0.000523,0.021294
2448,0.020307,0.00056,0.021103
2449,0.020437,0.000938,0.021589
2450,0.020399,0.000548,0.021159
2451,0.020194,0.000669,0.021075
2452,0.020254,0.00053,0.020996
2453,0.020443,0.000523,0.021179
2454,0.02029,0.000585,0.021094
2455,0.020543,0.000537,0.021325
2456,0.020456,0.000533,0.0212
2457,0.020408,0.000517,0.021135
2458,0.020323,0.000519,0.021044
2459,0.020513,0.000511,0.021229
2460,0.020518,0.000586,0.021311
2461,0.020732,0.000593,0.021527
2462,0.020693,0.000568,0.021475
2463,0.020925,0.000504,0.021635
2464,0.020512,0.000517,0.021233
2465,0.020654,0.000547,0.021438
2466,0.020478,0.000767,0.021506
2467,0.020939,0.000539,0.021711
2468,0.020693,0.000535,0.021431
2469,0.020681,0.000658,0.021541
2470,0.023491,0.000602,0.024294
2471,0.023849,0.000577,0.024658
2472,0.023279,0.000537,0.024053
2473,0.023117,0.000535,0.023853
2474,0.02307,0.000526,0.0238
2475,0.023112,0.000501,0.023819
2476,0.044101,0.001072,0.045822
2477,0.042413,0.000848,0.043695
2478,0.030033,0.000549,0.030846
2479,0.022971,0.000504,0.023679
2480,0.023783,0.000501,0.024487
2481,0.023569,0.000508,0.024278
2482,0.02333,0.000502,0.024033
2483,0.023554,0.000494,0.024249
2484,0.027627,0.000531,0.028367
2485,0.026774,0.000494,0.027481
2486,0.025848,0.000657,0.026755
2487,0.025932,0.000734,0.026986
2488,0.024894,0.000539,0.025681
2489,0.024977,0.00051,0.025706
2490,0.02479,0.00051,0.025507
2491,0.02541,0.000505,0.026122
2492,0.025038,0.000507,0.025753
2493,0.02488,0.000562,0.025652
2494,0.025097,0.000562,0.025877
2495,0.024214,0.000807,0.025289
2496,0.023095,0.000567,0.023875
2497,0.022875,0.000515,0.023593
2498,0.022968,0.000607,0.023779
2499,0.02329,0.000548,0.024042
2500,0.023547,0.000542,0.024326
2501,0.024027,0.000527,0.024757
2502,0.023979,0.000598,0.024788
2503,0.026284,0.000796,0.027317
2504,0.025973,0.000569,0.026746
2505,0.02475,0.000741,0.025696
2506,0.024161,0.00054,0.024908
2507,0.024746,0.000548,0.0255
2508,0.024044,0.00053,0.024782
2509,0.023975,0.000513,0.024695
2510,0.024024,0.000515,0.024746
2511,0.023758,0.00052,0.024485
2512,0.060899,0.001162,0.062719
2513,0.039073,0.000578,0.039958
2514,0.024127,0.000534,0.024873
2515,0.053464,0.000794,0.054805
2516,0.026005,0.000598,0.026868
2517,0.02435,0.00058,0.025134
2518,0.027533,0.000555,0.028331
2519,0.023842,0.000683,0.024777
2520,0.024023,0.000552,0.024856
2521,0.024766,0.000525,0.025496
2522,0.024557,0.000515,0.025273
2523,0.02515,0.00053,0.025893
2524,0.024649,0.000659,0.025511
2525,0.024642,0.000523,0.025367
2526,0.024404,0.000672,0.025277
2527,0.024721,0.000509,0.025438
2528,0.024723,0.000524,0.02545
2529,0.024682,0.000507,0.025393
2530,0.024416,0.000516,0.025138
2531,0.024639,0.000513,0.025354
2532,0.024608,0.000503,0.025315
2533,0.024582,0.00054,0.025324
2534,0.024599,0.000501,0.025303
2535,0.025138,0.000501,0.025842
2536,0.026348,0.001098,0.027803
2537,0.023555,0.001281,0.025294
2538,0.022977,0.00058,0.023877
2539,0.021909,0.000502,0.022644
2540,0.021835,0.000503,0.022574
2541,0.021712,0.000515,0.02246
2542,0.021673,0.000508,0.022415
2543,0.022268,0.000595,0.023101
2544,0.022099,0.000586,0.022966
2545,0.021429,0.000537,0.022219
2546,0.044128,0.001083,0.045901
2547,0.041803,0.000672,0.043079
2548,0.027902,0.000612,0.028864
2549,0.021829,0.000514,0.02259
2550,0.021736,0.000515,0.022488
2551,0.021628,0.000497,0.022357
2552,0.02175,0.000488,0.022475
2553,0.021844,0.000633,0.022716
2554,0.021922,0.000562,0.022871
2555,0.02237,0.000523,0.023178
2556,0.02174,0.000512,0.022499
2557,0.021871,0.000712,0.02286
2558,0.021628,0.000497,0.022361
2559,0.021702,0.000497,0.022431
2560,0.02237,0.000501,0.023126
2561,0.021922,0.000513,0.022673
2562,0.021719,0.000612,0.022563
2563,0.021671,0.000489,0.022413
2564,0.024325,0.000504,0.025065
2565,0.021823,0.000501,0.02256
2566,0.024053,0.00073,0.025019
2567,0.021893,0.000529,0.022661
2568,0.021763,0.000508,0.022514
2569,0.021742,0.000501,0.022483
2570,0.024449,0.000584,0.025278
2571,0.022416,0.000537,0.023294
2572,0.022059,0.0005,0.022804
2573,0.022174,0.000515,0.022935
2574,0.02426,0.00051,0.025045
2575,0.02434,0.000598,0.025194
2576,0.022069,0.000496,0.022825
2577,0.022523,0.000481,0.023282
2578,0.022149,0.000488,0.022899
2579,0.021964,0.000488,0.022713
2580,0.021965,0.000523,0.022735
2581,0.022003,0.000625,0.022867
2582,0.02211,0.000513,0.02286
2583,0.021933,0.000497,0.022669
2584,0.052055,0.001031,0.053748
2585,0.036354,0.000741,0.037661
2586,0.033619,0.00054,0.034629
2587,0.022234,0.000626,0.023135
2588,0.021654,0.000718,0.022751
2589,0.02143,0.000498,0.022184
2590,0.021395,0.000497,0.022149
2591,0.036706,0.000511,0.037491
2592,0.021624,0.000495,0.022391
2593,0.021501,0.00049,0.022252
2594,0.021431,0.000485,0.02217
2595,0.02151,0.000481,0.022248
2596,0.021401,0.000482,0.022139
2597,0.021276,0.000483,0.022017
2598,0.021988,0.000564,0.022805
2599,0.021746,0.000539,0.022543
2600,0.021855,0.000668,0.022775
2601,0.02178,0.000501,0.022535
2602,0.021692,0.000496,0.02244
2603,0.021627,0.000489,0.022367
2604,0.024418,0.000593,0.025275
2605,0.022006,0.000525,0.022847
2606,0.021827,0.000617,0.022701
2607,0.021759,0.000523,0.022538
2608,0.021378,0.000524,0.022157
2609,0.021343,0.000504,0.022102
2610,0.021178,0.000503,0.021939
2611,0.021303,0.000501,0.022091
2612,0.023821,0.00051,0.024589
2613,0.021409,0.000494,0.022158
2614,0.021265,0.000495,0.022016
2615,0.021256,0.000512,0.022023
2616,0.021155,0.0005,0.02191
2617,0.02124,0.000494,0.021992
2618,0.021197,0.000492,0.021945
2619,0.021233,0.00078,0.022273
2620,0.021249,0.00049,0.021993
2621,0.021263,0.000584,0.022103
2622,0.043309,0.001185,0.045231
2623,0.039162,0.000919,0.040715
2624,0.031516,0.000544,0.032392
2625,0.021418,0.000489,0.022179
2626,0.021236,0.000474,0.021961
2627,0.021251,0.000479,0.021981
2628,0.021369,0.000484,0.022107
2629,0.021616,0.000477,0.022347
2630,0.021031,0.000484,0.021768
2631,0.024643,0.000487,0.025382
2632,0.020697,0.000695,0.021645
2633,0.020624,0.000486,0.021363
2634,0.020754,0.000491,0.021496
2635,0.020724,0.000482,0.02146
2636,0.020745,0.00048,0.021476
2637,0.020709,0.000604,0.021563
2638,0.021329,0.000647,0.022232
2639,0.021656,0.000509,0.022545
2640,0.021388,0.000495,0.02214
2641,0.021952,0.000548,0.022755
2642,0.022802,0.000512,0.023569
2643,0.022314,0.000553,0.023124
2644,0.020838,0.000497,0.021594
2645,0.020711,0.000517,0.021487
2646,0.021342,0.00049,0.022078
2647,0.020829,0.000484,0.02157
2648,0.020685,0.000594,0.021534
2649,0.020616,0.000553,0.021424
2650,0.020576,0.00052,0.021356
2651,0.020441,0.000505,0.021231
2652,0.022749,0.000503,0.023512
2653,0.020639,0.000502,0.021399
2654,0.020511,0.000487,0.02125
2655,0.02044,0.000574,0.021271
2656,0.020377,0.000547,0.021264
2657,0.020311,0.000494,0.021057
2658,0.021174,0.000497,0.021925
2659,0.02094,0.000497,0.021699
2660,0.021135,0.000489,0.02188
2661,0.020983,0.00049,0.021727
2662,0.021031,0.000494,0.021785
2663,0.04133,0.001081,0.04332
2664,0.034459,0.000808,0.035693
2665,0.026824,0.000544,0.02771
2666,0.052675,0.000788,0.054086
2667,0.021997,0.000515,0.022903
2668,0.020933,0.000663,0.021847
2669,0.024434,0.00051,0.0252
2670,0.021012,0.000508,0.021775
2671,0.021135,0.000491,0.021896
2672,0.021202,0.000647,0.022154
2673,0.020023,0.001166,0.021817
2674,0.019727,0.000643,0.020763
2675,0.019179,0.00049,0.02002
2676,0.019035,0.000484,0.019834
2677,0.018939,0.000487,0.019738
2678,0.01908,0.000476,0.019865
2679,0.018846,0.000473,0.019627
2680,0.018933,0.000474,0.019698
2681,0.018772,0.000482,0.019553
2682,0.019,0.000472,0.019764
2683,0.018833,0.000483,0.019613
2684,0.018999,0.000507,0.019804
2685,0.018468,0.000483,0.019246
2686,0.018378,0.000479,0.019153
2687,0.019576,0.000522,0.020394
2688,0.018473,0.00047,0.019245
2689,0.018353,0.000582,0.019231
2690,0.018423,0.000507,0.019322
2691,0.018358,0.000488,0.019156
2692,0.020833,0.001133,0.022327
2693,0.018717,0.001008,0.020171
2694,0.019165,0.000543,0.019997
2695,0.018467,0.000478,0.019239
2696,0.018688,0.000476,0.019454
2697,0.018317,0.000475,0.019084
2698,0.018319,0.000823,0.019438
2699,0.018319,0.000622,0.019234
2700,0.018226,0.00052,0.019037
2701,0.018311,0.000494,0.019092
2702,0.018808,0.000495,0.019598
2703,0.039009,0.001152,0.040879
2704,0.034217,0.000741,0.035681
2705,0.030977,0.000708,0.032258
2706,0.027652,0.000655,0.02871
2707,0.01875,0.00054,0.019724
2708,0.018543,0.000484,0.019328
2709,0.018966,0.000604,0.019866
2710,0.018003,0.00057,0.018861
2711,0.017912,0.00054,0.018742
2712,0.021852,0.000526,0.02269
2713,0.017953,0.000492,0.018761
2714,0.017781,0.000532,0.018605
2715,0.017703,0.000515,0.018511
2716,0.01767,0.000505,0.018466
2717,0.017665,0.0005,0.018452
2718,0.017747,0.000494,0.018533
2719,0.018137,0.000494,0.018924
2720,0.018101,0.000486,0.018878
2721,0.017731,0.000493,0.018517
2722,0.017748,0.000491,0.018532
2723,0.017664,0.000607,0.018563
2724,0.017765,0.000775,0.018939
2725,0.017629,0.000525,0.018482
2726,0.017654,0.000508,0.018453
2727,0.017702,0.000494,0.01849
2728,0.017788,0.000494,0.018573
2729,0.017814,0.000487,0.018592
2730,0.017851,0.000486,0.018626
2731,0.018326,0.000493,0.019108
2732,0.018816,0.000577,0.019679
2733,0.018366,0.000569,0.019224
2734,0.018011,0.000497,0.018801
2735,0.017799,0.000485,0.018574
2736,0.018452,0.000481,0.019227
2737,0.020729,0.000496,0.021516
2738,0.018013,0.000487,0.018792
2739,0.018079,0.000511,0.01888
2740,0.017869,0.000875,0.019098
2741,0.017374,0.000573,0.018352
2742,0.016815,0.000569,0.017682
2743,0.016877,0.000501,0.017667
2744,0.016863,0.000481,0.017631
2745,0.016824,0.000493,0.017603
2746,0.016787,0.000485,0.017563
2747,0.016846,0.000492,0.017627
2748,0.016767,0.000558,0.017612
2749,0.040635,0.00121,0.042672
2750,0.029891,0.000942,0.031595
2751,0.028162,0.000943,0.029682
2752,0.018694,0.000502,0.019642
2753,0.017019,0.000491,0.017814
2754,0.017047,0.000486,0.017841
2755,0.016745,0.000716,0.017785
2756,0.016865,0.000579,0.017753
2757,0.016924,0.000699,0.017932
2758,0.01702,0.000595,0.018056
2759,0.021635,0.000516,0.022482
2760,0.016901,0.001129,0.018381
2761,0.017499,0.000905,0.018751
2762,0.017356,0.000512,0.018173
2763,0.016958,0.000481,0.017742
2764,0.016921,0.000628,0.017852
2765,0.016762,0.00048,0.017547
2766,0.016969,0.000489,0.017772
2767,0.016692,0.000483,0.017476
2768,0.017013,0.000483,0.017797
2769,0.016795,0.00047,0.017575
2770,0.016885,0.000471,0.017662
2771,0.016758,0.00053,0.017592
2772,0.016703,0.000491,0.0175
2773,0.01666,0.000535,0.01751
2774,0.016705,0.000594,0.017616
2775,0.01698,0.000584,0.018016
2776,0.016632,0.000466,0.017406
2777,0.017004,0.000515,0.017827
2778,0.017485,0.000529,0.018324
2779,0.016935,0.000449,0.017686
2780,0.016903,0.000475,0.017686
2781,0.016819,0.000589,0.017712
2782,0.0169,0.000485,0.017693
2783,0.016782,0.000488,0.017582
2784,0.016664,0.000475,0.017443
2785,0.01915,0.000466,0.019928
2786,0.016685,0.00071,0.017699
2787,0.016687,0.000467,0.017458
2788,0.016917,0.000482,0.017706
2789,0.016844,0.000471,0.017621
2790,0.016641,0.000458,0.017405
2791,0.016755,0.000523,0.017591
2792,0.016806,0.000655,0.01788
2793,0.016665,0.000467,0.017438
2794,0.016852,0.000461,0.017623
2795,0.017043,0.000571,0.017919
2796,0.016991,0.000531,0.017829
2797,0.01687,0.000463,0.01764
2798,0.050108,0.001136,0.051973
2799,0.028944,0.000759,0.030406
2800,0.020736,0.000499,0.02164
2801,0.01681,0.000589,0.017704
2802,0.016888,0.000559,0.017739
2803,0.016842,0.0005,0.01764
2804,0.016939,0.000489,0.017717
2805,0.016725,0.000527,0.01754
2806,0.016732,0.0008,0.01782
2807,0.016865,0.00047,0.017625
2808,0.021092,0.000622,0.022004
2809,0.016958,0.000581,0.017986
2810,0.016976,0.000489,0.017769
2811,0.016728,0.000483,0.017513
2812,0.016801,0.000478,0.017571
2813,0.016794,0.000478,0.017566
2814,0.016787,0.000482,0.017561
2815,0.016961,0.000483,0.017737
2816,0.016673,0.000491,0.017463
2817,0.016664,0.000711,0.017665
2818,0.016759,0.000776,0.017821
2819,0.016942,0.00049,0.017733
2820,0.016735,0.000477,0.017501
2821,0.016813,0.000475,0.017577
2822,0.016786,0.000641,0.017728
2823,0.016857,0.000828,0.018007
2824,0.017014,0.00055,0.017865
2825,0.016989,0.000597,0.017881
2826,0.016787,0.000483,0.017652
2827,0.016857,0.000482,0.017642
2828,0.017085,0.000477,0.01785
2829,0.016751,0.000464,0.017511
2830,0.016897,0.000647,0.017833
2831,0.016856,0.000466,0.017612
2832,0.017177,0.000483,0.017966
2833,0.016777,0.000509,0.017618
2834,0.018958,0.000519,0.019774
2835,0.016749,0.000501,0.017541
2836,0.01685,0.000482,0.017625
2837,0.016748,0.000594,0.017636
2838,0.016833,0.00056,0.017688
2839,0.016846,0.000582,0.017846
2840,0.017137,0.000534,0.017963
2841,0.017129,0.000513,0.017936
2842,0.016965,0.000555,0.017832
2843,0.016922,0.000512,0.017819
2844,0.016887,0.000491,0.017665
2845,0.016881,0.000487,0.017656
2846,0.038223,0.001246,0.040153
2847,0.031714,0.001182,0.033658
2848,0.027564,0.000908,0.029036
2849,0.027222,0.000551,0.028184
2850,0.044225,0.000829,0.045689
2851,0.019987,0.000757,0.021247
2852,0.0188,0.000522,0.019637
2853,0.018032,0.000471,0.018795
2854,0.021419,0.000715,0.022444
2855,0.01764,0.000502,0.018477
2856,0.017647,0.000481,0.018435
2857,0.017617,0.000494,0.018417
2858,0.020474,0.000728,0.021572
2859,0.019212,0.00071,0.02026
2860,0.019052,0.000537,0.020031
2861,0.018868,0.000486,0.019661
2862,0.018828,0.000482,0.019627
2863,0.019264,0.000479,0.020044
2864,0.018911,0.000526,0.019738
2865,0.018857,0.000515,0.019676
2866,0.019302,0.000613,0.020223
2867,0.019326,0.000499,0.02013
2868,0.01918,0.000485,0.019967
2869,0.01853,0.000483,0.01932
2870,0.018312,0.000608,0.019224
2871,0.018332,0.000561,0.019209
2872,0.018406,0.000719,0.019439
2873,0.018342,0.000505,0.019154
2874,0.01843,0.000665,0.019397
2875,0.018447,0.000482,0.019234
2876,0.018404,0.000521,0.01922
2877,0.019403,0.000822,0.020729
2878,0.018511,0.000492,0.019311
2879,0.018527,0.000646,0.019474
2880,0.020083,0.000766,0.021228
2881,0.021736,0.00062,0.022694
2882,0.019572,0.000675,0.020588
2883,0.019919,0.000493,0.020712
2884,0.019291,0.000482,0.020074
2885,0.018635,0.000641,0.019573
2886,0.018569,0.000503,0.019386
2887,0.018658,0.000495,0.019453
2888,0.018626,0.000714,0.01964
2889,0.053748,0.001496,0.055998
2890,0.032502,0.000875,0.034052
2891,0.027143,0.000531,0.028098
2892,0.018618,0.000487,0.019427
2893,0.018223,0.000579,0.019098
2894,0.018226,0.000555,0.019213
2895,0.017962,0.000492,0.018751
2896,0.017924,0.000781,0.019005
2897,0.01808,0.000494,0.018863
2898,0.02196,0.000661,0.022945
2899,0.017682,0.0005,0.018484
2900,0.019109,0.000488,0.019899
2901,0.018267,0.000514,0.019077
2902,0.018326,0.000493,0.019118
2903,0.018254,0.00049,0.019037
2904,0.018029,0.000577,0.018903
2905,0.018147,0.000492,0.018935
2906,0.017894,0.000597,0.01879
2907,0.018088,0.000493,0.018878
2908,0.018037,0.000655,0.01899
2909,0.018008,0.000491,0.018798
2910,0.018122,0.000748,0.019165
2911,0.018332,0.000506,0.019212
2912,0.018284,0.00064,0.019225
2913,0.018186,0.000577,0.01907
2914,0.018363,0.001052,0.01972
2915,0.018775,0.000652,0.019722
2916,0.018386,0.000729,0.019409
2917,0.018172,0.000514,0.018974
2918,0.018223,0.00049,0.019005
2919,0.018128,0.000502,0.018919
2920,0.01798,0.000894,0.019166
2921,0.018165,0.00051,0.018968
2922,0.020416,0.000729,0.021438
2923,0.018426,0.000509,0.019231
2924,0.018976,0.000495,0.019762
2925,0.01869,0.000496,0.019482
2926,0.018631,0.000503,0.019426
2927,0.018604,0.000806,0.019743
2928,0.018752,0.000747,0.019903
2929,0.018484,0.000519,0.019315
2930,0.020834,0.000891,0.022064
2931,0.019896,0.00055,0.02076
2932,0.019696,0.000503,0.020499
2933,0.045073,0.001249,0.047069
2934,0.037496,0.000902,0.039098
2935,0.029783,0.00056,0.030777
2936,0.019946,0.000738,0.021001
2937,0.0198,0.000498,0.020611
2938,0.019803,0.001105,0.0212
2939,0.019714,0.000492,0.020506
2940,0.020178,0.000492,0.020989
2941,0.019637,0.000766,0.020704
2942,0.023327,0.000533,0.024173
2943,0.019509,0.000518,0.020339
2944,0.019449,0.000802,0.020595
2945,0.019631,0.000563,0.020653
2946,0.019303,0.000879,0.020485
2947,0.019539,0.000634,0.020471
2948,0.019622,0.000496,0.020416
2949,0.01972,0.000498,0.020508
2950,0.019514,0.0005,0.020303
2951,0.01934,0.000508,0.02014
2952,0.019527,0.000645,0.020464
2953,0.019303,0.000672,0.02027
2954,0.020882,0.000919,0.02209
2955,0.019668,0.000545,0.020505
2956,0.019377,0.000551,0.020248
2957,0.020055,0.000538,0.020901
2958,0.019546,0.000534,0.020374
2959,0.019503,0.000512,0.020326
2960,0.019483,0.000678,0.020452
2961,0.019449,0.000603,0.02037
2962,0.019384,0.000766,0.020533
2963,0.019415,0.000521,0.020225
2964,0.021873,0.000494,0.02266
2965,0.019591,0.000746,0.020639
2966,0.019471,0.000507,0.020286
2967,0.019266,0.000488,0.020048
2968,0.019236,0.000629,0.020157
2969,0.019384,0.000478,0.020158
2970,0.019536,0.000741,0.020573
2971,0.020026,0.000548,0.020889
2972,0.019435,0.000628,0.020368
2973,0.019439,0.000531,0.020274
2974,0.020539,0.000499,0.021335
2975,0.04342,0.001091,0.045203
2976,0.037871,0.001112,0.039702
2977,0.028247,0.000545,0.029287
2978,0.020285,0.001085,0.021684
2979,0.020285,0.0006,0.021322
2980,0.020042,0.000508,0.020852
2981,0.020095,0.000502,0.020907
2982,0.019959,0.000526,0.020783
2983,0.020028,0.000495,0.020824
2984,0.02375,0.000775,0.024835
2985,0.019988,0.000506,0.020803
2986,0.020005,0.000794,0.02109
2987,0.020338,0.000525,0.021155
2988,0.020219,0.000493,0.021007
2989,0.020171,0.000502,0.020968
2990,0.020045,0.000493,0.020834
2991,0.019926,0.000492,0.020717
2992,0.019956,0.00062,0.020872
2993,0.019907,0.000476,0.020673
2994,0.019922,0.000784,0.021001
2995,0.020122,0.000565,0.021
2996,0.020355,0.000554,0.021278
2997,0.0205,0.000493,0.02132
2998,0.019825,0.000515,0.020633
2999,0.01977,0.000531,0.020598
3000,0.019623,0.00062,0.020537
3001,0.019789,0.000494,0.020579
3002,0.01981,0.000742,0.020848
3003,0.01951,0.00063,0.020433
3004,0.019599,0.000747,0.020636
3005,0.019659,0.000497,0.020448
3006,0.021626,0.00053,0.022457
3007,0.019624,0.000516,0.020437
3008,0.019712,0.000711,0.020718
3009,0.019867,0.000672,0.020835
3010,0.019565,0.000835,0.020691
3011,0.019503,0.000503,0.020301
3012,0.019608,0.000606,0.020532
3013,0.018606,0.000988,0.020122
3014,0.018677,0.000783,0.019872
3015,0.017945,0.0005,0.018831
3016,0.017993,0.000607,0.018974
3017,0.017892,0.000467,0.018729
3018,0.037696,0.001546,0.040449
3019,0.030388,0.000967,0.032087
3020,0.019363,0.000538,0.0204
3021,0.01782,0.000504,0.01869
3022,0.047312,0.000826,0.048825
3023,0.018474,0.000507,0.019551
3024,0.018011,0.000684,0.019069
3025,0.021746,0.000566,0.022705
3026,0.018129,0.0007,0.019193
3027,0.018432,0.000475,0.019263
3028,0.018385,0.000459,0.019206
3029,0.018236,0.00061,0.019212
3030,0.017945,0.00056,0.019076
3031,0.017989,0.000483,0.018832
3032,0.017958,0.000553,0.018892
3033,0.017513,0.000481,0.018357
3034,0.017501,0.000776,0.018638
3035,0.01733,0.000476,0.01817
3036,0.017482,0.00046,0.018304
3037,0.017191,0.000463,0.018018
3038,0.017223,0.000492,0.018076
3039,0.017384,0.000452,0.018201
3040,0.017255,0.000735,0.018355
3041,0.017256,0.000468,0.018086
3042,0.01731,0.000712,0.018387
3043,0.017218,0.000453,0.01803
3044,0.017355,0.000458,0.018178
3045,0.017324,0.000496,0.018186
3046,0.017248,0.000578,0.01819
3047,0.017511,0.000521,0.018464
3048,0.0174,0.000568,0.018323
3049,0.017496,0.000476,0.018386
3050,0.019763,0.000715,0.020845
3051,0.017214,0.000488,0.018072
3052,0.01717,0.000468,0.017995
3053,0.017242,0.000468,0.01806
3054,0.017394,0.000472,0.018218
3055,0.01744,0.000754,0.018822
3056,0.018152,0.000626,0.019306
3057,0.017331,0.000493,0.018183
3058,0.017338,0.000717,0.018404
3059,0.017422,0.000458,0.018256
3060,0.017133,0.000465,0.01795
3061,0.017183,0.000463,0.017994
3062,0.041118,0.001181,0.04311
3063,0.034075,0.000927,0.035996
3064,0.028721,0.001106,0.03052
3065,0.018068,0.000627,0.019412
3066,0.017477,0.00076,0.018616
3067,0.01731,0.000474,0.018141
3068,0.017389,0.000464,0.018206
3069,0.017455,0.000455,0.018264
3070,0.017377,0.00063,0.018361
3071,0.017242,0.00063,0.018261
3072,0.021275,0.000573,0.022215
3073,0.017437,0.000463,0.018266
3074,0.017525,0.000791,0.018676
3075,0.017619,0.00047,0.018448
3076,0.017508,0.000455,0.018324
3077,0.017527,0.000494,0.018386
3078,0.017431,0.000474,0.018296
3079,0.017591,0.000456,0.018405
3080,0.017544,0.000944,0.018853
3081,0.017707,0.000477,0.01861
3082,0.0174,0.000681,0.018441
3083,0.017383,0.000498,0.018242
3084,0.017429,0.000457,0.018241
3085,0.017618,0.000469,0.018449
3086,0.01757,0.000489,0.018421
3087,0.017619,0.000525,0.01856
3088,0.0177,0.000662,0.018726
3089,0.017482,0.000488,0.018333
3090,0.017496,0.000676,0.018532
3091,0.017922,0.000504,0.018785
3092,0.017942,0.000474,0.018805
3093,0.01766,0.00045,0.018463
3094,0.017508,0.00053,0.018394
3095,0.017433,0.000455,0.018245
3096,0.017431,0.000875,0.018664
3097,0.019465,0.000677,0.02054
3098,0.017708,0.000781,0.018889
3099,0.018129,0.0005,0.018997
3100,0.01825,0.000465,0.019082
3101,0.018348,0.000468,0.019313
3102,0.01786,0.000603,0.018827
3103,0.017873,0.000459,0.018683
3104,0.017761,0.000619,0.018737
3105,0.023378,0.001276,0.02496
3106,0.019988,0.000902,0.021193
3107,0.018551,0.000569,0.019336
3108,0.049978,0.000958,0.051546
3109,0.029646,0.00073,0.030738
3110,0.028411,0.000478,0.029131
3111,0.017568,0.000466,0.018238
3112,0.017577,0.000492,0.018279
3113,0.017502,0.000462,0.018171
3114,0.017418,0.000462,0.018087
3115,0.017276,0.000464,0.017947
3116,0.017225,0.000473,0.017897
3117,0.021091,0.000474,0.02177
3118,0.017283,0.000474,0.017959
3119,0.017176,0.00047,0.017846
3120,0.017253,0.00048,0.017934
3121,0.017343,0.000649,0.018195
3122,0.017594,0.000507,0.018369
3123,0.017427,0.000467,0.018097
3124,0.01725,0.000476,0.017927
3125,0.017297,0.000465,0.017964
3126,0.01735,0.000464,0.018012
3127,0.017501,0.000473,0.018171
3128,0.017403,0.000484,0.018086
3129,0.01748,0.000475,0.018156
3130,0.017327,0.000475,0.018003
3131,0.01744,0.000471,0.018111
3132,0.017356,0.000478,0.018036
3133,0.01719,0.000468,0.017859
3134,0.017237,0.000472,0.01791
3135,0.017204,0.000476,0.017878
3136,0.017247,0.00046,0.017913
3137,0.017355,0.000474,0.018029
3138,0.017406,0.000531,0.018159
3139,0.017351,0.000472,0.018061
3140,0.017496,0.000472,0.018166
3141,0.017232,0.000498,0.017929
3142,0.017203,0.000473,0.017874
3143,0.019471,0.000464,0.020141
3144,0.017365,0.000464,0.018031
3145,0.017199,0.000472,0.01787
3146,0.017433,0.000476,0.018244
3147,0.017263,0.000479,0.017942
3148,0.017204,0.000475,0.01788
3149,0.017146,0.000461,0.017808
3150,0.017366,0.000474,0.01804
3151,0.017284,0.00047,0.017955
3152,0.017272,0.000473,0.017947
3153,0.017362,0.000471,0.018034
3154,0.017372,0.000476,0.018163
3155,0.03763,0.001115,0.039383
3156,0.033807,0.000853,0.035104
3157,0.025009,0.000493,0.025794
3158,0.017145,0.000474,0.017819
3159,0.017145,0.000473,0.017816
3160,0.017194,0.000467,0.01786
3161,0.017202,0.000467,0.017874
3162,0.016982,0.000477,0.017659
3163,0.016972,0.000477,0.01765
3164,0.017164,0.000478,0.017842
3165,0.017223,0.00046,0.017882
3166,0.02092,0.000466,0.021587
3167,0.01712,0.000473,0.017793
3168,0.017031,0.000476,0.017705
3169,0.017033,0.000472,0.018145
3170,0.017176,0.000479,0.017853
3171,0.017568,0.000473,0.018243
3172,0.017568,0.000697,0.018474
3173,0.017499,0.000482,0.018208
3174,0.017261,0.000474,0.017941
3175,0.017275,0.000465,0.017947
3176,0.017254,0.000466,0.017919
3177,0.017522,0.000479,0.0182
3178,0.017278,0.000477,0.017953
3179,0.019857,0.000471,0.020533
3180,0.017389,0.000467,0.018056
3181,0.017075,0.000464,0.017739
3182,0.017233,0.000472,0.017904
3183,0.017037,0.000474,0.01771
3184,0.01708,0.000463,0.017743
3185,0.017224,0.000465,0.01789
3186,0.017171,0.000474,0.017849
3187,0.017119,0.000479,0.017798
3188,0.017185,0.000463,0.017848
3189,0.017049,0.000665,0.017917
3190,0.017238,0.00047,0.017932
3191,0.019371,0.000463,0.020039
3192,0.017046,0.000473,0.01772
3193,0.017111,0.000465,0.017775
3194,0.017177,0.000483,0.017862
3195,0.017241,0.000478,0.017917
3196,0.017178,0.000468,0.017847
3197,0.017271,0.000473,0.017944
3198,0.017195,0.000477,0.017873
3199,0.017261,0.000463,0.017923
3200,0.017196,0.000462,0.017859
3201,0.017174,0.000476,0.017852
3202,0.017235,0.000472,0.017909
3203,0.017212,0.000467,0.01788
3204,0.05042,0.001031,0.052042
3205,0.030225,0.000945,0.031585
3206,0.018816,0.000512,0.019646
3207,0.017328,0.000468,0.017997
3208,0.044332,0.000732,0.045599
3209,0.019342,0.000486,0.02007
3210,0.01755,0.000481,0.018235
3211,0.017516,0.000482,0.018207
3212,0.020743,0.000494,0.021441
3213,0.017303,0.00047,0.018104
3214,0.017367,0.000481,0.018048
3215,0.017318,0.000472,0.01799
3216,0.01728,0.000472,0.017958
3217,0.017317,0.000474,0.01799
3218,0.017227,0.000482,0.017909
3219,0.017234,0.000489,0.017922
3220,0.017449,0.000498,0.018149
3221,0.017225,0.00066,0.018121
3222,0.017496,0.000519,0.018287
3223,0.017625,0.000482,0.018311
3224,0.017398,0.000473,0.018076
3225,0.017538,0.000481,0.018228
3226,0.017194,0.000477,0.01787
3227,0.017285,0.000477,0.01797
3228,0.017415,0.000481,0.018095
3229,0.017264,0.000474,0.017938
3230,0.017279,0.000482,0.017965
3231,0.017218,0.00047,0.017888
3232,0.017227,0.000479,0.017909
3233,0.017276,0.000485,0.017961
3234,0.017382,0.00048,0.018064
3235,0.017156,0.000508,0.017863
3236,0.017132,0.000473,0.017811
3237,0.019566,0.000561,0.020341
3238,0.01751,0.000485,0.018226
3239,0.017304,0.000483,0.017991
3240,0.017343,0.000468,0.018012
3241,0.017224,0.000473,0.017899
3242,0.017855,0.000543,0.018604
3243,0.017417,0.00049,0.018106
3244,0.017374,0.000481,0.018056
3245,0.017441,0.000488,0.01813
3246,0.017246,0.000477,0.017923
3247,0.01744,0.00048,0.018122
3248,0.017285,0.000472,0.017956
3249,0.017537,0.000482,0.01822
3250,0.049362,0.001116,0.051116
3251,0.03116,0.000635,0.032151
3252,0.023819,0.000483,0.024542
3253,0.017208,0.000639,0.018069
3254,0.01741,0.000507,0.018174
3255,0.017191,0.000487,0.017885
3256,0.017344,0.000479,0.018024
3257,0.017313,0.000483,0.017995
3258,0.017385,0.000467,0.018054
3259,0.017188,0.000476,0.017863
3260,0.021057,0.00047,0.021733
3261,0.017485,0.000479,0.018172
3262,0.017377,0.000473,0.018057
3263,0.017136,0.000479,0.017818
3264,0.017291,0.00047,0.017967
3265,0.01751,0.000478,0.018194
3266,0.017332,0.000477,0.018015
3267,0.017516,0.000469,0.018193
3268,0.01739,0.00048,0.018209
3269,0.017375,0.000571,0.018174
3270,0.01745,0.00049,0.01817
3271,0.017374,0.00048,0.018053
3272,0.017469,0.000471,0.018137
3273,0.017424,0.00048,0.018102
3274,0.017422,0.00048,0.018105
3275,0.0178,0.000566,0.018568
3276,0.017382,0.000491,0.018074
3277,0.018962,0.000696,0.019911
3278,0.019558,0.000695,0.020458
3279,0.018967,0.000531,0.019702
3280,0.01861,0.000519,0.019333
3281,0.018537,0.000514,0.019253
3282,0.018373,0.000518,0.019094
3283,0.018871,0.0005,0.019574
3284,0.020538,0.000508,0.021255
3285,0.018745,0.000607,0.01957
3286,0.018856,0.000523,0.019659
3287,0.018573,0.000512,0.019289
3288,0.018424,0.000505,0.01913
3289,0.018889,0.000506,0.0196
3290,0.018658,0.000516,0.019378
3291,0.018658,0.000514,0.019373
3292,0.018692,0.000618,0.019512
3293,0.021432,0.000508,0.022142
3294,0.020544,0.000512,0.021259
3295,0.020316,0.000497,0.021015
3296,0.054832,0.001086,0.056525
3297,0.030683,0.000526,0.031472
3298,0.021054,0.000543,0.02181
3299,0.021953,0.000532,0.022695
3300,0.021885,0.000508,0.022602
3301,0.021662,0.000683,0.022568
3302,0.021427,0.000569,0.022272
3303,0.021432,0.000504,0.02214
3304,0.025091,0.000513,0.025816
3305,0.022259,0.000561,0.023027
3306,0.02194,0.000527,0.022686
3307,0.02153,0.000518,0.022253
3308,0.021502,0.000509,0.022216
3309,0.021231,0.000499,0.021935
3310,0.021487,0.000585,0.022274
3311,0.024838,0.000533,0.025604
3312,0.024234,0.000508,0.024945
3313,0.024023,0.000533,0.024759
3314,0.024062,0.000505,0.02477
3315,0.024128,0.000517,0.02485
3316,0.024801,0.00077,0.025813
3317,0.023848,0.000608,0.024667
3318,0.023852,0.000548,0.024648
3319,0.023625,0.000523,0.024355
3320,0.023581,0.000506,0.024289
3321,0.024219,0.000659,0.025084
3322,0.024551,0.00053,0.025286
3323,0.02387,0.00051,0.024583
3324,0.02578,0.000517,0.026504
3325,0.023585,0.000508,0.024299
3326,0.023542,0.000507,0.024252
3327,0.02427,0.000523,0.024996
3328,0.024167,0.000511,0.024879
3329,0.02409,0.000525,0.024816
3330,0.023882,0.000511,0.024594
3331,0.023984,0.000516,0.024706
3332,0.023566,0.000518,0.024284
3333,0.052347,0.001383,0.054392
3334,0.034671,0.000651,0.035769
3335,0.022704,0.000738,0.023705
3336,0.021713,0.000553,0.02251
3337,0.022401,0.000548,0.023174
3338,0.02164,0.000521,0.022376
3339,0.021544,0.000513,0.022273
3340,0.021005,0.000614,0.021834
3341,0.020972,0.000579,0.021767
3342,0.024568,0.000589,0.025373
3343,0.020842,0.000524,0.021586
3344,0.021725,0.000523,0.022465
3345,0.021472,0.000523,0.022213
3346,0.021515,0.000704,0.02244
3347,0.021502,0.000523,0.022242
3348,0.021396,0.000524,0.022137
3349,0.02138,0.00057,0.022169
3350,0.021513,0.000529,0.022309
3351,0.021594,0.000527,0.022333
3352,0.02167,0.000511,0.022391
3353,0.021995,0.000507,0.022706
3354,0.021666,0.000512,0.02238
3355,0.021582,0.000516,0.02231
3356,0.021482,0.000511,0.022196
3357,0.021559,0.000515,0.022277
3358,0.021421,0.000517,0.022141
3359,0.021543,0.000509,0.022255
3360,0.02168,0.000514,0.022397
3361,0.021525,0.000534,0.022266
3362,0.023678,0.000511,0.024397
3363,0.021606,0.000509,0.022321
3364,0.021533,0.00051,0.022245
3365,0.021463,0.000775,0.022441
3366,0.022071,0.000601,0.022912
3367,0.02187,0.00053,0.022634
3368,0.022107,0.000515,0.022826
3369,0.022165,0.000516,0.022885
3370,0.021657,0.000558,0.022428
3371,0.021525,0.000569,0.022295
3372,0.021675,0.000528,0.022405
3373,0.043759,0.001269,0.062944
3374,0.036359,0.000944,0.037684
3375,0.022052,0.000554,0.022818
3376,0.050544,0.000831,0.051899
3377,0.022731,0.000539,0.02356
3378,0.021702,0.000524,0.022444
3379,0.0253,0.000535,0.026045
3380,0.021669,0.000515,0.022393
3381,0.02168,0.000686,0.022627
3382,0.021759,0.000553,0.022617
3383,0.021593,0.000527,0.022346
3384,0.02169,0.000518,0.022419
3385,0.021895,0.000523,0.022632
3386,0.021747,0.000519,0.022505
3387,0.021724,0.00052,0.022446
3388,0.021538,0.000716,0.022456
3389,0.021721,0.000563,0.022489
3390,0.021669,0.00061,0.022517
3391,0.02182,0.000622,0.022642
3392,0.021709,0.000605,0.022516
3393,0.022539,0.000539,0.023282
3394,0.02237,0.000517,0.023091
3395,0.022386,0.00063,0.023217
3396,0.02256,0.000621,0.023406
3397,0.022482,0.000641,0.023337
3398,0.022664,0.000548,0.023473
3399,0.022515,0.000509,0.02323
3400,0.02644,0.000509,0.027161
3401,0.022429,0.000518,0.023152
3402,0.023462,0.000534,0.024208
3403,0.022853,0.000519,0.023573
3404,0.022632,0.000569,0.023402
3405,0.022528,0.000523,0.023249
3406,0.022367,0.000525,0.023094
3407,0.022375,0.000504,0.023082
3408,0.022232,0.000509,0.022944
3409,0.044362,0.001136,0.046105
3410,0.041833,0.00083,0.043106
3411,0.031529,0.000544,0.032347
3412,0.022334,0.000507,0.023065
3413,0.022359,0.000654,0.023236
3414,0.022604,0.000556,0.023456
3415,0.022352,0.000504,0.023079
3416,0.022159,0.000507,0.022877
3417,0.028965,0.000509,0.029716
3418,0.022773,0.000504,0.023496
3419,0.022331,0.000507,0.023053
3420,0.022431,0.000528,0.023176
3421,0.024583,0.000786,0.025606
3422,0.024136,0.000688,0.025034
3423,0.023965,0.000548,0.024721
3424,0.023732,0.000578,0.024519
3425,0.023551,0.0007,0.02446
3426,0.023627,0.000549,0.024395
3427,0.023717,0.000567,0.024488
3428,0.023733,0.000513,0.024452
3429,0.023646,0.000562,0.024411
3430,0.023623,0.000643,0.024478
3431,0.024029,0.000621,0.024908
3432,0.023953,0.000562,0.024722
3433,0.02475,0.000544,0.025508
3434,0.023496,0.00053,0.024237
3435,0.022658,0.000515,0.023375
3436,0.02455,0.000527,0.025289
3437,0.022972,0.000524,0.023698
3438,0.022699,0.000523,0.023426
3439,0.022494,0.000521,0.023216
3440,0.023236,0.000625,0.024069
3441,0.023073,0.000552,0.023828
3442,0.023268,0.000518,0.02399
3443,0.023331,0.000522,0.024055
3444,0.023309,0.000516,0.02403
3445,0.02322,0.000523,0.023944
3446,0.055684,0.001251,0.057546
3447,0.040343,0.001367,0.042193
3448,0.02212,0.001242,0.023902
3449,0.02144,0.000596,0.02239
3450,0.020737,0.000488,0.021464
3451,0.021227,0.000506,0.021978
3452,0.020632,0.000528,0.021406
3453,0.032286,0.000522,0.033058
3454,0.026069,0.000912,0.02727
3455,0.022188,0.000551,0.023
3456,0.021809,0.000733,0.022785
3457,0.021845,0.000518,0.022607
3458,0.022023,0.00059,0.022874
3459,0.022034,0.000833,0.023111
3460,0.023795,0.00073,0.024799
3461,0.023132,0.000534,0.023946
3462,0.022967,0.000515,0.02375
3463,0.023009,0.000477,0.023738
3464,0.023075,0.000591,0.023939
3465,0.0232,0.000537,0.024112
3466,0.02296,0.000493,0.023729
3467,0.022993,0.000477,0.023725
3468,0.023774,0.00052,0.024533
3469,0.023133,0.000498,0.02388
3470,0.023046,0.000543,0.023829
3471,0.023158,0.000493,0.023887
3472,0.022841,0.000492,0.023568
3473,0.024956,0.000823,0.02602
3474,0.023447,0.000557,0.024242
3475,0.023718,0.000508,0.024476
3476,0.023411,0.000482,0.024132
3477,0.023218,0.00048,0.023932
3478,0.023209,0.000716,0.02416
3479,0.023233,0.000631,0.024102
3480,0.02324,0.000512,0.023999
3481,0.023225,0.000551,0.024017
3482,0.023305,0.000523,0.024125
3483,0.057324,0.001124,0.059161
3484,0.035955,0.000526,0.036968
3485,0.024135,0.000491,0.024882
3486,0.023462,0.000479,0.024179
3487,0.025025,0.000882,0.026142
3488,0.023769,0.000519,0.024537
3489,0.023545,0.000511,0.024309
3490,0.030343,0.000495,0.031102
3491,0.023654,0.000509,0.024398
3492,0.023323,0.000692,0.024249
3493,0.023596,0.000487,0.024316
3494,0.023697,0.000506,0.024438
3495,0.023623,0.000543,0.024399
3496,0.027292,0.000531,0.028069
3497,0.02387,0.000644,0.024757
3498,0.023505,0.000779,0.024523
3499,0.023592,0.000658,0.024655
3500,0.023536,0.000601,0.024427
3501,0.023518,0.000524,0.024286
3502,0.023517,0.000514,0.024266
3503,0.023288,0.000508,0.024031
3504,0.023411,0.000493,0.024139
3505,0.023551,0.000486,0.024275
3506,0.023409,0.00049,0.024135
3507,0.023541,0.000515,0.024289
3508,0.0235,0.000536,0.024272
3509,0.025863,0.00064,0.026745
3510,0.024215,0.000536,0.024988
3511,0.023825,0.000653,0.024712
3512,0.023749,0.000534,0.024534
3513,0.026697,0.000708,0.027693
3514,0.025544,0.000608,0.026395
3515,0.025407,0.000551,0.026196
3516,0.02522,0.000746,0.026288
3517,0.025138,0.000701,0.026076
3518,0.050491,0.001426,0.052611
3519,0.046881,0.000952,0.048478
3520,0.030026,0.000708,0.03109
3521,0.052992,0.000942,0.054533
3522,0.02802,0.000522,0.028984
3523,0.025327,0.000513,0.026109
3524,0.029201,0.000539,0.030002
3525,0.025719,0.000529,0.026504
3526,0.02566,0.0005,0.026416
3527,0.026539,0.00049,0.027321
3528,0.025569,0.000501,0.026326
3529,0.025202,0.000648,0.026103
3530,0.025183,0.000649,0.026089
3531,0.024618,0.000496,0.025371
3532,0.024507,0.000651,0.025448
3533,0.025179,0.000625,0.026211
3534,0.024901,0.000514,0.025656
3535,0.024953,0.000671,0.025865
3536,0.024656,0.000691,0.02558
3537,0.024692,0.000675,0.025605
3538,0.024637,0.000523,0.025393
3539,0.024235,0.000515,0.024986
3540,0.024235,0.000499,0.024992
3541,0.02427,0.0005,0.025006
3542,0.026358,0.000528,0.027127
3543,0.02397,0.000504,0.024718
3544,0.024671,0.000498,0.025427
3545,0.024244,0.000582,0.025066
3546,0.023812,0.000496,0.024549
3547,0.023735,0.000497,0.024476
3548,0.024177,0.000488,0.024907
3549,0.024038,0.00065,0.024927
3550,0.023989,0.000512,0.024801
3551,0.059276,0.001213,0.061153
3552,0.045282,0.000919,0.046798
3553,0.02581,0.000697,0.026817
3554,0.02369,0.000732,0.024683
3555,0.023814,0.000633,0.024689
3556,0.023723,0.000572,0.024533
3557,0.023626,0.000522,0.024386
3558,0.023615,0.000512,0.024369
3559,0.027736,0.000508,0.028501
3560,0.023622,0.000511,0.024374
3561,0.024042,0.000607,0.024904
3562,0.023548,0.000535,0.024319
3563,0.023533,0.000516,0.02429
3564,0.023522,0.000517,0.024279
3565,0.023508,0.000518,0.024266
3566,0.023605,0.000647,0.024528
3567,0.022423,0.001055,0.02406
3568,0.022206,0.000701,0.023311
3569,0.021886,0.000628,0.022819
3570,0.022077,0.000531,0.022931
3571,0.022001,0.000468,0.022766
3572,0.021617,0.00045,0.022364
3573,0.021597,0.000718,0.022643
3574,0.021692,0.000571,0.022556
3575,0.021613,0.000443,0.022351
3576,0.021566,0.000469,0.022334
3577,0.021619,0.000647,0.022562
3578,0.022427,0.000824,0.023849
3579,0.021679,0.000451,0.02243
3580,0.021582,0.000448,0.022332
3581,0.021137,0.000446,0.021888
3582,0.021134,0.000483,0.021919
3583,0.021036,0.000561,0.021895
3584,0.021046,0.0005,0.021968
3585,0.021063,0.000587,0.021953
3586,0.02096,0.000987,0.022241
3587,0.020912,0.000601,0.021809
3588,0.020892,0.00044,0.021648
3589,0.053171,0.000977,0.054858
3590,0.036638,0.00077,0.038141
3591,0.024913,0.000478,0.025825
3592,0.021027,0.000625,0.021952
3593,0.020913,0.000692,0.021903
3594,0.020898,0.00044,0.021643
3595,0.020597,0.000464,0.021357
3596,0.020347,0.000444,0.021087
3597,0.02408,0.000454,0.024839
3598,0.020629,0.00045,0.021396
3599,0.020329,0.000448,0.021077
3600,0.020512,0.000572,0.021415
3601,0.020593,0.000627,0.021645
3602,0.020586,0.000543,0.021425
3603,0.020389,0.000506,0.021192
3604,0.020404,0.000457,0.021156
3605,0.020426,0.000447,0.021169
3606,0.020439,0.000529,0.021269
3607,0.02051,0.00045,0.021256
3608,0.020532,0.000438,0.021263
3609,0.020508,0.00054,0.02134
3610,0.020344,0.000448,0.021093
3611,0.02052,0.000596,0.021409
3612,0.020432,0.000587,0.021318
3613,0.020663,0.000432,0.021384
3614,0.020555,0.000437,0.021287
3615,0.020574,0.000496,0.021397
3616,0.020465,0.000486,0.021251
3617,0.020422,0.00065,0.02137
3618,0.020398,0.000462,0.021254
3619,0.023227,0.000442,0.02397
3620,0.02086,0.000443,0.0216
3621,0.020599,0.000438,0.021335
3622,0.020622,0.000437,0.021353
3623,0.020668,0.000439,0.021403
3624,0.02069,0.000436,0.021455
3625,0.020792,0.000767,0.021862
3626,0.02068,0.000455,0.021433
3627,0.020598,0.000456,0.021347
3628,0.02092,0.000468,0.021694
3629,0.02066,0.019524,0.040852
3630,0.039732,0.001064,0.041683
3631,0.031978,0.000741,0.03318
3632,0.020833,0.00044,0.021611
3633,0.020654,0.00058,0.021536
3634,0.020743,0.000596,0.021653
3635,0.020997,0.000595,0.02202
3636,0.021529,0.000452,0.0223
3637,0.021239,0.000445,0.02198
3638,0.025149,0.000446,0.025906
3639,0.021247,0.000434,0.02199
3640,0.021241,0.00044,0.021975
3641,0.021308,0.000581,0.022184
3642,0.021635,0.000476,0.022409
3643,0.021299,0.000454,0.022046
3644,0.021274,0.000604,0.022173
3645,0.020745,0.00045,0.021493
3646,0.020801,0.00046,0.021558
3647,0.020865,0.000462,0.021627
3648,0.020477,0.000433,0.021206
3649,0.021214,0.000635,0.022143
3650,0.021033,0.000698,0.022025
3651,0.020813,0.000584,0.021747
3652,0.019696,0.001201,0.021407
3653,0.019865,0.000541,0.020839
3654,0.01886,0.000433,0.01968
3655,0.021196,0.000661,0.02225
3656,0.020029,0.000464,0.020851
3657,0.01983,0.000617,0.020801
3658,0.01991,0.000495,0.020779
3659,0.020626,0.000759,0.021886
3660,0.019932,0.000427,0.02071
3661,0.019835,0.000575,0.020768
3662,0.020091,0.000445,0.020898
3663,0.019975,0.000819,0.02118
3664,0.019986,0.00043,0.020771
3665,0.019856,0.000606,0.020829
3666,0.020003,0.000483,0.020863
3667,0.019915,0.000438,0.020709
3668,0.019589,0.000528,0.020492
3669,0.01991,0.000734,0.021079
3670,0.039902,0.001009,0.041712
3671,0.036825,0.001019,0.03878
3672,0.031803,0.000728,0.033163
3673,0.022799,0.000675,0.02401
3674,0.049036,0.000918,0.050699
3675,0.021699,0.00048,0.02278
3676,0.019844,0.000453,0.020673
3677,0.023292,0.00044,0.024112
3678,0.020331,0.000419,0.021113
3679,0.019949,0.000581,0.02089
3680,0.019729,0.00041,0.020498
3681,0.019734,0.000511,0.020603
3682,0.019792,0.000781,0.020932
3683,0.019813,0.000417,0.020592
3684,0.01978,0.00041,0.020553
3685,0.019831,0.000571,0.020761
3686,0.020118,0.00046,0.021087
3687,0.019792,0.00067,0.020838
3688,0.019993,0.000673,0.021031
3689,0.020322,0.000578,0.021259
3690,0.020127,0.000614,0.021105
3691,0.019959,0.000448,0.020764
3692,0.019875,0.000419,0.020651
3693,0.019923,0.000441,0.020726
3694,0.01969,0.000444,0.020497
3695,0.019909,0.000613,0.020884
3696,0.019892,0.000444,0.020701
3697,0.019849,0.000581,0.02079
3698,0.01991,0.000576,0.020845
3699,0.020135,0.00047,0.020963
3700,0.021376,0.00044,0.022324
3701,0.020124,0.000673,0.021155
3702,0.020013,0.000587,0.020993
3703,0.020215,0.000739,0.021372
3704,0.019678,0.000484,0.020519
3705,0.019619,0.000633,0.020612
3706,0.019693,0.000607,0.020653
3707,0.019518,0.000664,0.020555
3708,0.019507,0.000485,0.020347
3709,0.019477,0.000417,0.02025
3710,0.019354,0.000418,0.020134
3711,0.038307,0.001197,0.040637
3712,0.034814,0.000718,0.036228
3713,0.019589,0.000602,0.020606
3714,0.019484,0.000619,0.020501
3715,0.019617,0.000426,0.020406
3716,0.019394,0.000422,0.020183
3717,0.01941,0.000493,0.020265
3718,0.019402,0.000585,0.020359
3719,0.023097,0.00067,0.024138
3720,0.020297,0.000525,0.021336
3721,0.019473,0.000611,0.020468
3722,0.019437,0.000553,0.020372
3723,0.019391,0.000478,0.020235
3724,0.019536,0.000433,0.020335
3725,0.019291,0.000416,0.020072
3726,0.019158,0.000535,0.020057
3727,0.019352,0.000537,0.020254
3728,0.019315,0.000405,0.020084
3729,0.01924,0.00055,0.020155
3730,0.019262,0.000483,0.020107
3731,0.018804,0.000412,0.019575
3732,0.018874,0.000412,0.019648
3733,0.018766,0.00043,0.019561
3734,0.018625,0.000454,0.019441
3735,0.018752,0.000551,0.019669
3736,0.018801,0.000619,0.019778
3737,0.018774,0.000628,0.019831
3738,0.018754,0.000504,0.019615
3739,0.018695,0.000427,0.019474
3740,0.018647,0.000413,0.019416
3741,0.018837,0.000417,0.019607
3742,0.018918,0.000434,0.019716
3743,0.020378,0.000595,0.021466
3744,0.018829,0.000418,0.019601
3745,0.018882,0.000589,0.019844
3746,0.019189,0.000623,0.020167
3747,0.019105,0.000444,0.019927
3748,0.019068,0.000415,0.019856
3749,0.018724,0.000408,0.019499
3750,0.019019,0.000499,0.019882
3751,0.019051,0.00058,0.019994
3752,0.018969,0.000466,0.019796
3753,0.019002,0.00057,0.019969
3754,0.050288,0.001702,0.05301
3755,0.03048,0.000789,0.032299
3756,0.021264,0.000432,0.022271
3757,0.016981,0.000403,0.017789
3758,0.017062,0.000394,0.017849
3759,0.017521,0.000629,0.018567
3760,0.017099,0.000429,0.017922
3761,0.017116,0.00044,0.017951
3762,0.017092,0.000638,0.018116
3763,0.017118,0.000412,0.017916
3764,0.020937,0.000591,0.021925
3765,0.017134,0.000458,0.017978
3766,0.017015,0.000407,0.017806
3767,0.016938,0.000556,0.017877
3768,0.016949,0.000401,0.017735
3769,0.016958,0.000392,0.017735
3770,0.017533,0.000669,0.018582
3771,0.017606,0.000438,0.01868
3772,0.017421,0.000394,0.018213
3773,0.017605,0.000395,0.018377
3774,0.017501,0.000397,0.0183
3775,0.017516,0.000542,0.018441
3776,0.018165,0.000388,0.018955
3777,0.017572,0.000403,0.018355
3778,0.018,0.000521,0.018898
3779,0.017649,0.000392,0.018443
3780,0.017602,0.000409,0.018399
3781,0.017546,0.000403,0.018333
3782,0.017957,0.000433,0.018772
3783,0.017738,0.00077,0.018886
3784,0.017713,0.000607,0.01873
3785,0.017747,0.000407,0.01857
3786,0.017752,0.000565,0.018699
3787,0.017608,0.000502,0.018488
3788,0.017779,0.00041,0.018689
3789,0.019947,0.0004,0.020734
3790,0.019465,0.000493,0.020342
3791,0.017674,0.000545,0.018602
3792,0.017766,0.0005,0.018647
3793,0.018348,0.000398,0.019134
3794,0.017777,0.000546,0.018702
3795,0.017982,0.000414,0.018771
3796,0.018716,0.000507,0.019602
3797,0.018168,0.000579,0.019127
3798,0.018084,0.000449,0.018913
3799,0.017849,0.000599,0.018825
3800,0.019705,0.000488,0.020573
3801,0.052986,0.000954,0.054761
3802,0.031699,0.001283,0.033955
3803,0.02009,0.00043,0.021138
3804,0.018715,0.00054,0.019658
3805,0.019115,0.000592,0.020278
3806,0.01935,0.000398,0.020155
3807,0.019149,0.000548,0.020095
3808,0.019061,0.000391,0.01985
3809,0.019116,0.000382,0.019922
3810,0.024432,0.000584,0.02546
3811,0.019506,0.000411,0.020316
3812,0.019344,0.000383,0.020115
3813,0.019306,0.00053,0.020226
3814,0.019088,0.000404,0.019884
3815,0.019085,0.000542,0.020015
3816,0.019009,0.000395,0.019784
3817,0.019055,0.000386,0.019837
3818,0.019229,0.000585,0.020201
3819,0.019395,0.000438,0.020215
3820,0.019306,0.000393,0.020073
3821,0.019268,0.00074,0.020393
3822,0.019295,0.000451,0.020219
3823,0.019179,0.000522,0.020077
3824,0.019364,0.000382,0.02015
3825,0.020655,0.000439,0.021474
3826,0.019652,0.000599,0.020629
3827,0.019448,0.000405,0.020234
3828,0.015822,0.000501,0.016697
3829,0.015941,0.000613,0.016947
3830,0.015452,0.000412,0.016257
3831,0.01548,0.000602,0.016473
3832,0.015365,0.000436,0.016178
3833,0.015249,0.000416,0.016048
3834,0.017538,0.000565,0.018486
3835,0.015357,0.000414,0.016152
3836,0.015345,0.000411,0.016138
3837,0.015308,0.000657,0.016346
3838,0.015329,0.00051,0.016223
3839,0.022551,0.000748,0.02376
3840,0.020511,0.000421,0.021334
3841,0.019824,0.000399,0.020595
3842,0.019605,0.000572,0.020561
3843,0.019337,0.000403,0.020151
3844,0.019254,0.000395,0.020025
3845,0.019555,0.000573,0.020505
3846,0.057695,0.000887,0.059443
3847,0.03355,0.001035,0.035595
3848,0.0204,0.000396,0.021419
3849,0.059814,0.000717,0.061282
3850,0.023761,0.000887,0.02538
3851,0.020719,0.000437,0.02161
3852,0.024032,0.000407,0.024855
3853,0.020308,0.000541,0.021244
3854,0.020121,0.000388,0.020905
3855,0.020283,0.000641,0.02135
3856,0.018945,0.000785,0.020395
3857,0.018942,0.000457,0.019944
3858,0.018532,0.000505,0.019529
3859,0.01854,0.000406,0.019396
3860,0.018417,0.000381,0.019257
3861,0.018625,0.000579,0.019659
3862,0.018578,0.000359,0.019393
3863,0.01848,0.000504,0.019435
3864,0.018475,0.000362,0.019296
3865,0.018377,0.000365,0.019194
3866,0.018323,0.0005,0.01929
3867,0.018289,0.00047,0.019212
3868,0.01845,0.000428,0.019335
3869,0.018408,0.000535,0.019399
3870,0.018453,0.000382,0.01929
3871,0.018476,0.000518,0.019442
3872,0.018547,0.000466,0.01947
3873,0.018636,0.000375,0.019626
3874,0.018519,0.000507,0.0195
3875,0.019031,0.000567,0.020165
3876,0.018457,0.000366,0.019287
3877,0.018449,0.000504,0.019412
3878,0.018427,0.000363,0.019244
3879,0.018276,0.000466,0.019198
3880,0.018306,0.000371,0.019133
3881,0.018259,0.000357,0.019074
3882,0.018977,0.000475,0.019913
3883,0.018444,0.00036,0.019261
3884,0.018456,0.000366,0.019288
3885,0.018286,0.000446,0.019182
3886,0.018351,0.00036,0.019159
3887,0.044807,0.00107,0.046777
3888,0.034055,0.000629,0.035796
3889,0.02875,0.000538,0.029998
3890,0.018783,0.000597,0.020092
3891,0.018374,0.000421,0.019276
3892,0.018518,0.000397,0.019371
3893,0.018429,0.000512,0.019408
3894,0.018306,0.000353,0.019122
3895,0.018437,0.000352,0.01925
3896,0.022064,0.000369,0.0229
3897,0.018473,0.000361,0.019338
3898,0.018343,0.000533,0.019328
3899,0.018375,0.000357,0.019187
3900,0.018306,0.000354,0.019114
3901,0.018455,0.000462,0.019375
3902,0.018307,0.000378,0.019142
3903,0.018516,0.000353,0.019327
3904,0.01843,0.000355,0.019234
3905,0.018388,0.000356,0.019191
3906,0.018296,0.000541,0.019303
3907,0.018525,0.00045,0.019523
3908,0.018303,0.000409,0.019176
3909,0.018414,0.000552,0.019422
3910,0.018339,0.000365,0.019177
3911,0.018527,0.000361,0.019365
3912,0.018289,0.000345,0.019104
3913,0.018361,0.000353,0.019177
3914,0.018392,0.000374,0.019234
3915,0.01845,0.000343,0.019264
3916,0.01895,0.000495,0.019916
3917,0.018312,0.000447,0.019243
3918,0.018378,0.000343,0.01919
3919,0.020662,0.000425,0.021772
3920,0.018431,0.00034,0.019259
3921,0.018491,0.000344,0.019317
3922,0.018422,0.000342,0.019235
3923,0.018495,0.000452,0.01943
3924,0.018498,0.000362,0.019403
3925,0.018323,0.000445,0.01926
3926,0.018385,0.000353,0.019215
3927,0.049918,0.000907,0.051756
3928,0.030115,0.000646,0.031836
3929,0.029414,0.000618,0.030749
3930,0.025076,0.000378,0.026131
3931,0.018415,0.000354,0.019248
3932,0.018493,0.000435,0.019408
3933,0.019942,0.000603,0.021036
3934,0.018798,0.000359,0.019621
3935,0.018547,0.000343,0.019349
3936,0.022825,0.000344,0.023629
3937,0.0183,0.000343,0.019112
3938,0.018673,0.000399,0.019534
3939,0.018536,0.000551,0.01955
3940,0.018406,0.000496,0.019367
3941,0.01855,0.000492,0.019639
3942,0.018375,0.000353,0.019192
3943,0.018373,0.000372,0.019208
3944,0.018316,0.000374,0.019153
3945,0.018388,0.000348,0.01919
3946,0.018504,0.000345,0.019304
3947,0.018341,0.000521,0.019342
